table,seq,column,is_pk,is_fk,id,type,size,description,proto_vid,d_grain,d_has_codes,d_index,d_index_version,d_orig_proto_vid
unemployment,1,id,1,,t04p01,INTEGER,,Unemployment Rate,,counties,,,,
unemployment,2,ind_id,,,c04p01002,INTEGER,3,ind_id,,,,,,
unemployment,3,ind_definition,,,c04p01003,VARCHAR,17,ind_definition,,,,,,
unemployment,4,reportyear,,,c04p01004,VARCHAR,9,reportyear,,,,,,
unemployment,5,race_eth_code,,,c04p01005,INTEGER,1,race_eth_code,,,,,,
unemployment,6,race_eth_name,,,c04p01006,VARCHAR,9,race_eth_name,,,,,,
unemployment,7,geotype,,,c04p01007,VARCHAR,2,geotype,,,,,,
unemployment,8,geotypevalue,,,c04p01008,INTEGER64,10,geotypevalue,,,,,,
unemployment,9,geoname,,,c04p01009,VARCHAR,37,geoname,,,,,,
unemployment,10,county_fips,,,c04p0100a,INTEGER,4,county_fips,,,,,,
unemployment,11,county_name,,,c04p0100b,VARCHAR,15,county_name,,,,,,
unemployment,12,region_code,,,c04p0100c,INTEGER,2,region_code,,,,,,
unemployment,13,region_name,,,c04p0100d,VARCHAR,26,region_name,,,,,,
unemployment,14,unemployment,,,c04p0100e,INTEGER,7,Unemployment,,,,,,
unemployment,15,labor_force,,,c04p0100f,INTEGER,8,Labor_force,,,,,,
unemployment,16,unemployment_rate,,,c04p0100g,REAL,,Unemployment_rate,,,,,,
unemployment,17,ll_95ci,,,c04p0100h,REAL,,ll_95ci,,,,,,
unemployment,18,ul_95ci,,,c04p0100i,REAL,,ul_95ci,,,,,,
unemployment,19,se,,,c04p0100j,REAL,,se,,,,,,
unemployment,20,rse,,,c04p0100k,REAL,,rse,,,,,,
unemployment,21,place_decile,,,c04p0100l,VARCHAR,4,place_decile,,,,,,
unemployment,22,ca_rr,,,c04p0100m,REAL,,ca_rr,,,,,,
unemployment,23,version,,,c04p0100n,REAL,,version,,,,,,
unemployment,24,gvid,,c03x04003,c04p0100o,VARCHAR,6,gvid,c00109003,,,census.gov-index-counties:gvid,0.0.5:gvid,counties.gvid
,,,,,,,,,,,,,,
alcohol_outlets_oy,1,id,1,,t04p02,INTEGER,,"Proximity to Alcohol Outlets: Percent of the population within 1/4 mile of alcohol outlets, Orange-Yuba",,counties,,,,
alcohol_outlets_oy,2,ind_id,,,c04p02002,INTEGER,3,ind_id,,,,,,
alcohol_outlets_oy,3,ind_definition,,,c04p02003,VARCHAR,87,ind_definition,,,,,,
alcohol_outlets_oy,4,reportyear,,,c04p02004,INTEGER,4,reportyear,,,,,,
alcohol_outlets_oy,5,race_eth_code,,,c04p02005,INTEGER,1,race_eth_code,,,,,,
alcohol_outlets_oy,6,race_eth_name,,,c04p02006,VARCHAR,9,race_eth_name,,,,,,
alcohol_outlets_oy,7,geotype,,,c04p02007,VARCHAR,2,geotype,,,,,,
alcohol_outlets_oy,8,geotypevalue,,,c04p02008,INTEGER64,10,geotypevalue,,,,,,
alcohol_outlets_oy,9,geoname,,,c04p02009,VARCHAR,37,geoname,,,,,,
alcohol_outlets_oy,10,county_fips,,,c04p0200a,INTEGER,4,county_fips,,,,,,
alcohol_outlets_oy,11,county_name,,,c04p0200b,VARCHAR,15,county_name,,,,,,
alcohol_outlets_oy,12,region_code,,,c04p0200c,INTEGER,2,region_code,,,,,,
alcohol_outlets_oy,13,region_name,,,c04p0200d,VARCHAR,26,region_name,,,,,,
alcohol_outlets_oy,14,license_type,,,c04p0200e,VARCHAR,14,license_type,,,,,,
alcohol_outlets_oy,15,numerator,,,c04p0200f,INTEGER,7,numerator,,,,,,
alcohol_outlets_oy,16,denominator,,,c04p0200g,INTEGER,7,denominator,,,,,,
alcohol_outlets_oy,17,percent,,,c04p0200h,REAL,,percent,,,,,,
alcohol_outlets_oy,18,ll_95ci,,,c04p0200i,REAL,,ll_95ci,,,,,,
alcohol_outlets_oy,19,ul_95ci,,,c04p0200j,REAL,,ul_95ci,,,,,,
alcohol_outlets_oy,20,se,,,c04p0200k,REAL,,se,,,,,,
alcohol_outlets_oy,21,rse,,,c04p0200l,REAL,,rse,,,,,,
alcohol_outlets_oy,22,ca_decile,,,c04p0200m,VARCHAR,4,ca_decile,,,,,,
alcohol_outlets_oy,23,ca_rr,,,c04p0200n,REAL,,ca_rr,,,,,,
alcohol_outlets_oy,24,version,,,c04p0200o,REAL,,version,,,,,,
alcohol_outlets_oy,25,gvid,,c03x04003,c04p0200p,VARCHAR,6,gvid,c00109003,,,census.gov-index-counties:gvid,0.0.5:gvid,counties.gvid
,,,,,,,,,,,,,,
air_quality,1,id,1,,t04p03,INTEGER,,Average Ambient PM2.5 Concentration,,counties,,,,
air_quality,2,ind_id,,,c04p03002,INTEGER,3,ind_id,,,,,,
air_quality,3,ind_definition,,,c04p03003,VARCHAR,50,ind_definition,,,,,,
air_quality,4,reportyear,,,c04p03004,VARCHAR,9,reportyear,,,,,,
air_quality,5,race_eth_code,,,c04p03005,INTEGER,1,race_eth_code,,,,,,
air_quality,6,race_eth_name,,,c04p03006,VARCHAR,9,race_eth_name,,,,,,
air_quality,7,geotype,,,c04p03007,VARCHAR,2,geotype,,,,,,
air_quality,8,geotypevalue,,,c04p03008,INTEGER,5,geotypevalue,,,,,,
air_quality,9,geoname,,,c04p03009,VARCHAR,44,geoname,,,,,,
air_quality,10,county_name,,,c04p0300a,VARCHAR,15,county_name,,,,,,
air_quality,11,county_fips,,,c04p0300b,INTEGER,4,county_fips,,,,,,
air_quality,12,region_name,,,c04p0300c,VARCHAR,26,region_name,,,,,,
air_quality,13,region_code,,,c04p0300d,INTEGER,2,region_code,,,,,,
air_quality,14,numerator,,,c04p0300e,VARCHAR,2,numerator,,,,,,
air_quality,15,poppt,,,c04p0300f,REAL,,poppt,,,,,,
air_quality,16,pm25_concentration,,,c04p0300g,REAL,,PM25_concentration,,,,,,
air_quality,17,ll_95ci,,,c04p0300h,VARCHAR,2,LL_95CI,,,,,,
air_quality,18,ul_95ci,,,c04p0300i,VARCHAR,2,UL_95CI,,,,,,
air_quality,19,se,,,c04p0300j,VARCHAR,2,SE,,,,,,
air_quality,20,rse,,,c04p0300k,VARCHAR,2,RSE,,,,,,
air_quality,21,pm25_decile,,,c04p0300l,VARCHAR,4,pm25_decile,,,,,,
air_quality,22,pm25ratio_ca,,,c04p0300m,REAL,,PM25Ratio_CA,,,,,,
air_quality,23,version,,,c04p0300n,VARCHAR,16,version,,,,,,
air_quality,24,gvid,,c03x04003,c04p0300o,VARCHAR,6,gvid,c00109003,,,census.gov-index-counties:gvid,0.0.5:gvid,counties.gvid
,,,,,,,,,,,,,,
traffic_fatalities_oy,1,id,1,,t04p04,INTEGER,,"Severe and fatal road traffic injuries, Orange-Yuba counties",,counties,,,,
traffic_fatalities_oy,2,ind_id,,,c04p04002,INTEGER,3,ind_id,,,,,,
traffic_fatalities_oy,3,ind_definition,,,c04p04003,VARCHAR,111,ind_definition,,,,,,
traffic_fatalities_oy,4,reportyear,,,c04p04004,VARCHAR,9,reportyear,,,,,,
traffic_fatalities_oy,5,geotype,,,c04p04005,VARCHAR,2,geotype,,,,,,
traffic_fatalities_oy,6,geotypevalue,,,c04p04006,INTEGER64,10,geotypevalue,,,,,,
traffic_fatalities_oy,7,geoname,,,c04p04007,VARCHAR,26,geoname,,,,,,
traffic_fatalities_oy,8,county_name,,,c04p04008,VARCHAR,15,county_name,,,,,,
traffic_fatalities_oy,9,county_fips,,,c04p04009,INTEGER,4,county_fips,,,,,,
traffic_fatalities_oy,10,region_name,,,c04p0400a,VARCHAR,26,region_name,,,,,,
traffic_fatalities_oy,11,region_code,,,c04p0400b,INTEGER,2,region_code,,,,,,
traffic_fatalities_oy,12,mode,,,c04p0400c,VARCHAR,10,mode,,,,,,
traffic_fatalities_oy,13,severity,,,c04p0400d,VARCHAR,13,severity,,,,,,
traffic_fatalities_oy,14,injuries,,,c04p0400e,REAL,,injuries,,,,,,
traffic_fatalities_oy,15,totalpop,,,c04p0400f,REAL,,totalpop,,,,,,
traffic_fatalities_oy,16,poprate,,,c04p0400g,REAL,,poprate,,,,,,
traffic_fatalities_oy,17,ll95ci_poprate,,,c04p0400h,REAL,,LL95CI_poprate,,,,,,
traffic_fatalities_oy,18,ul95ci_poprate,,,c04p0400i,REAL,,UL95CI_poprate,,,,,,
traffic_fatalities_oy,19,poprate_se,,,c04p0400j,REAL,,poprate_se,,,,,,
traffic_fatalities_oy,20,poprate_rse,,,c04p0400k,REAL,,poprate_rse,,,,,,
traffic_fatalities_oy,21,ca_decile_pop,,,c04p0400l,VARCHAR,4,CA_decile_pop,,,,,,
traffic_fatalities_oy,22,ca_rr_poprate,,,c04p0400m,REAL,,CA_RR_poprate,,,,,,
traffic_fatalities_oy,23,avmttotal,,,c04p0400n,REAL,,avmttotal,,,,,,
traffic_fatalities_oy,24,avmtrate,,,c04p0400o,REAL,,avmtrate,,,,,,
traffic_fatalities_oy,25,ll95ci_avmtrate,,,c04p0400p,REAL,,LL95CI_avmtrate,,,,,,
traffic_fatalities_oy,26,ul95ci_avmtrate,,,c04p0400q,REAL,,UL95CI_avmtrate,,,,,,
traffic_fatalities_oy,27,avmtrate_se,,,c04p0400r,REAL,,avmtrate_se,,,,,,
traffic_fatalities_oy,28,avmtrate_rse,,,c04p0400s,REAL,,avmtrate_rse,,,,,,
traffic_fatalities_oy,29,ca_decile_avmt,,,c04p0400t,VARCHAR,4,CA_decile_avmt,,,,,,
traffic_fatalities_oy,30,ca_rr_avmtrate,,,c04p0400u,REAL,,CA_RR_avmtrate,,,,,,
traffic_fatalities_oy,31,groupquarters,,,c04p0400v,REAL,,groupquarters,,,,,,
traffic_fatalities_oy,32,version,,,c04p0400w,REAL,,version,,,,,,
traffic_fatalities_oy,33,gvid,,c03x04003,c04p0400x,VARCHAR,6,gvid,c00109003,,,census.gov-index-counties:gvid,0.0.5:gvid,counties.gvid
,,,,,,,,,,,,,,
traffic_fatalities_an,1,id,1,,t04p05,INTEGER,,"Severe and fatal road traffic injuriesAlameda-Nevada Counties, State, Regions",,counties,,,,
traffic_fatalities_an,2,ind_id,,,c04p05002,INTEGER,3,ind_id,,,,,,
traffic_fatalities_an,3,ind_definition,,,c04p05003,VARCHAR,111,ind_definition,,,,,,
traffic_fatalities_an,4,reportyear,,,c04p05004,VARCHAR,9,reportyear,,,,,,
traffic_fatalities_an,5,geotype,,,c04p05005,VARCHAR,2,geotype,,,,,,
traffic_fatalities_an,6,geotypevalue,,,c04p05006,INTEGER64,11,geotypevalue,,,,,,
traffic_fatalities_an,7,geoname,,,c04p05007,VARCHAR,26,geoname,,,,,,
traffic_fatalities_an,8,county_name,,,c04p05008,VARCHAR,12,county_name,,,,,,
traffic_fatalities_an,9,county_fips,,,c04p05009,VARCHAR,5,county_fips,,,,,,
traffic_fatalities_an,10,region_name,,,c04p0500a,VARCHAR,26,region_name,,,,,,
traffic_fatalities_an,11,region_code,,,c04p0500b,INTEGER,2,region_code,,,,,,
traffic_fatalities_an,12,mode,,,c04p0500c,VARCHAR,10,mode,,,,,,
traffic_fatalities_an,13,severity,,,c04p0500d,VARCHAR,13,severity,,,,,,
traffic_fatalities_an,14,injuries,,,c04p0500e,REAL,,injuries,,,,,,
traffic_fatalities_an,15,totalpop,,,c04p0500f,REAL,,totalpop,,,,,,
traffic_fatalities_an,16,poprate,,,c04p0500g,REAL,,poprate,,,,,,
traffic_fatalities_an,17,ll95ci_poprate,,,c04p0500h,REAL,,LL95CI_poprate,,,,,,
traffic_fatalities_an,18,ul95ci_poprate,,,c04p0500i,REAL,,UL95CI_poprate,,,,,,
traffic_fatalities_an,19,poprate_se,,,c04p0500j,REAL,,poprate_se,,,,,,
traffic_fatalities_an,20,poprate_rse,,,c04p0500k,REAL,,poprate_rse,,,,,,
traffic_fatalities_an,21,ca_decile_pop,,,c04p0500l,VARCHAR,4,CA_decile_pop,,,,,,
traffic_fatalities_an,22,ca_rr_poprate,,,c04p0500m,REAL,,CA_RR_poprate,,,,,,
traffic_fatalities_an,23,avmttotal,,,c04p0500n,REAL,,avmttotal,,,,,,
traffic_fatalities_an,24,avmtrate,,,c04p0500o,REAL,,avmtrate,,,,,,
traffic_fatalities_an,25,ll95ci_avmtrate,,,c04p0500p,REAL,,LL95CI_avmtrate,,,,,,
traffic_fatalities_an,26,ul95ci_avmtrate,,,c04p0500q,REAL,,UL95CI_avmtrate,,,,,,
traffic_fatalities_an,27,avmtrate_se,,,c04p0500r,REAL,,avmtrate_se,,,,,,
traffic_fatalities_an,28,avmtrate_rse,,,c04p0500s,REAL,,avmtrate_rse,,,,,,
traffic_fatalities_an,29,ca_decile_avmt,,,c04p0500t,VARCHAR,4,CA_decile_avmt,,,,,,
traffic_fatalities_an,30,ca_rr_avmtrate,,,c04p0500u,REAL,,CA_RR_avmtrate,,,,,,
traffic_fatalities_an,31,groupquarters,,,c04p0500v,REAL,,groupquarters,,,,,,
traffic_fatalities_an,32,version,,,c04p0500w,REAL,,version,,,,,,
traffic_fatalities_an,33,gvid,,c03x04003,c04p0500x,VARCHAR,6,gvid,c00109003,,,census.gov-index-counties:gvid,0.0.5:gvid,counties.gvid
,,,,,,,,,,,,,,
housing_cost_an,1,id,1,,t04p06,INTEGER,,"Housing Cost Burden: Percent of households incurring housing cost burdens, Alameda-Nevada Counties, State, Regions",,counties,,,,
housing_cost_an,2,ind_id,,,c04p06002,INTEGER,,ind_id,,,,,,
housing_cost_an,3,ind_definition,,,c04p06003,VARCHAR,126,ind_definition,,,,,,
housing_cost_an,4,datasource,,,c04p06004,VARCHAR,4,datasource,,,,,,
housing_cost_an,5,reportyear,,,c04p06005,VARCHAR,9,reportyear,,,,,,
housing_cost_an,6,burden,,,c04p06006,VARCHAR,92,burden,,,,,,
housing_cost_an,7,tenure,,,c04p06007,VARCHAR,45,tenure,,,,,,
housing_cost_an,8,race_eth_code,,,c04p06008,INTEGER,,race_eth_code,,,,,,
housing_cost_an,9,race_eth_name,,,c04p06009,VARCHAR,9,race_eth_name,,,,,,
housing_cost_an,10,income_level,,,c04p0600a,VARCHAR,75,income_level,,,,,,
housing_cost_an,11,geotype,,,c04p0600b,VARCHAR,2,geotype,,,,,,
housing_cost_an,12,geotypevalue,,,c04p0600c,INTEGER,,geotypevalue,,,,,,
housing_cost_an,13,geoname,,,c04p0600d,VARCHAR,26,geoname,,,,,,
housing_cost_an,14,county_name,,,c04p0600e,VARCHAR,12,county_name,,,,,,
housing_cost_an,15,county_fips,,,c04p0600f,INTEGER,,county_fips,,,,,,
housing_cost_an,16,region_name,,,c04p0600g,VARCHAR,26,region_name,,,,,,
housing_cost_an,17,region_code,,,c04p0600h,INTEGER,,region_code,,,,,,
housing_cost_an,18,total_households,,,c04p0600i,INTEGER,,total_households,,,,,,
housing_cost_an,19,burdened_households,,,c04p0600j,INTEGER,,burdened_households,,,,,,
housing_cost_an,20,percent,,,c04p0600k,REAL,,percent,,,,,,
housing_cost_an,21,ll95ci,,,c04p0600l,REAL,,LL95CI,,,,,,
housing_cost_an,22,ul95ci,,,c04p0600m,REAL,,UL95CI,,,,,,
housing_cost_an,23,se,,,c04p0600n,REAL,,SE,,,,,,
housing_cost_an,24,rse,,,c04p0600o,REAL,,rse,,,,,,
housing_cost_an,25,ca_decile,,,c04p0600p,VARCHAR,4,CA_decile,,,,,,
housing_cost_an,26,ca_rr,,,c04p0600q,REAL,,CA_RR,,,,,,
housing_cost_an,27,version,,,c04p0600r,REAL,,version,,,,,,
housing_cost_an,28,gvid,,c03x04003,c04p0600s,VARCHAR,6,gvid,c00109003,,,census.gov-index-counties:gvid,0.0.5:gvid,counties.gvid
,,,,,,,,,,,,,,
open_space,1,id,1,,t04p07,INTEGER,,"Access to Parks: Percent of residents within 1/2 mile of a park, beach, or open space",,counties,,,,
open_space,2,ind_id,,,c04p07002,INTEGER,3,ind_id,,,,,,
open_space,3,ind_definition,,,c04p07003,VARCHAR,126,ind_definition,,,,,,
open_space,4,reportyear,,,c04p07004,VARCHAR,6,reportyear,,,,,,
open_space,5,race_eth_code,,,c04p07005,INTEGER,1,race_eth_code,,,,,,
open_space,6,race_eth_name,,,c04p07006,VARCHAR,9,race_eth_name,,,,,,
open_space,7,geotype,,,c04p07007,VARCHAR,2,geotype,,,,,,
open_space,8,geotypevalue,,,c04p07008,INTEGER,9,geotypevalue,,,,,,
open_space,9,geoname,,,c04p07009,VARCHAR,37,geoname,,,,,,
open_space,10,county_name,,,c04p0700a,VARCHAR,15,county_name,,,,,,
open_space,11,county_fips,,,c04p0700b,INTEGER,4,county_fips,,,,,,
open_space,12,region_name,,,c04p0700c,VARCHAR,26,region_name,,,,,,
open_space,13,region_code,,,c04p0700d,INTEGER,2,region_code,,,,,,
open_space,14,pop_park_acc,,,c04p0700e,INTEGER,8,pop_park_acc,,,,,,
open_space,15,pop2010,,,c04p0700f,INTEGER,8,pop2010,,,,,,
open_space,16,p_parkacc,,,c04p0700g,REAL,,p_parkacc,,,,,,
open_space,17,ll_95ci,,,c04p0700h,REAL,,LL_95CI,,,,,,
open_space,18,ul_95ci,,,c04p0700i,REAL,,UL_95CI,,,,,,
open_space,19,se,,,c04p0700j,REAL,,se,,,,,,
open_space,20,rse,,,c04p0700k,REAL,,rse,,,,,,
open_space,21,ca_decile,,,c04p0700l,VARCHAR,4,CA_decile,,,,,,
open_space,22,ca_rr,,,c04p0700m,REAL,,CA_RR,,,,,,
open_space,23,version,,,c04p0700n,REAL,,version,,,,,,
open_space,24,gvid,,c03x04003,c04p0700o,VARCHAR,6,gvid,c00109003,,,census.gov-index-counties:gvid,0.0.5:gvid,counties.gvid
,,,,,,,,,,,,,,
housing_cost_ty,1,id,1,,t04p08,INTEGER,,"Housing Cost Burden: Percent of households incurring housing cost burdens, Tehama-Yuba Counties",,,,,,
housing_cost_ty,2,ind_id,,,c04p08002,INTEGER,,ind_id,,,,,,
housing_cost_ty,3,ind_definition,,,c04p08003,VARCHAR,126,ind_definition,,,,,,
housing_cost_ty,4,datasource,,,c04p08004,VARCHAR,4,datasource,,,,,,
housing_cost_ty,5,reportyear,,,c04p08005,VARCHAR,9,reportyear,,,,,,
housing_cost_ty,6,burden,,,c04p08006,VARCHAR,92,burden,,,,,,
housing_cost_ty,7,tenure,,,c04p08007,VARCHAR,45,tenure,,,,,,
housing_cost_ty,8,race_eth_code,,,c04p08008,INTEGER,,race_eth_code,,,,,,
housing_cost_ty,9,race_eth_name,,,c04p08009,VARCHAR,9,race_eth_name,,,,,,
housing_cost_ty,10,income_level,,,c04p0800a,VARCHAR,75,income_level,,,,,,
housing_cost_ty,11,geotype,,,c04p0800b,VARCHAR,2,geotype,,,,,,
housing_cost_ty,12,geotypevalue,,,c04p0800c,INTEGER,,geotypevalue,,,,,,
housing_cost_ty,13,geoname,,,c04p0800d,REAL,,geoname,,,1,,,
housing_cost_ty,14,county_name,,,c04p0800e,VARCHAR,8,county_name,,,,,,
housing_cost_ty,15,county_fips,,,c04p0800f,INTEGER,,county_fips,,,,,,
housing_cost_ty,16,region_name,,,c04p0800g,VARCHAR,26,region_name,,,,,,
housing_cost_ty,17,region_code,,,c04p0800h,INTEGER,,region_code,,,,,,
housing_cost_ty,18,total_households,,,c04p0800i,INTEGER,,total_households,,,,,,
housing_cost_ty,19,burdened_households,,,c04p0800j,INTEGER,,burdened_households,,,,,,
housing_cost_ty,20,percent,,,c04p0800k,REAL,,percent,,,,,,
housing_cost_ty,21,ll95ci,,,c04p0800l,REAL,,LL95CI,,,,,,
housing_cost_ty,22,ul95ci,,,c04p0800m,REAL,,UL95CI,,,,,,
housing_cost_ty,23,se,,,c04p0800n,REAL,,SE,,,,,,
housing_cost_ty,24,rse,,,c04p0800o,REAL,,rse,,,,,,
housing_cost_ty,25,ca_decile,,,c04p0800p,VARCHAR,4,CA_decile,,,,,,
housing_cost_ty,26,ca_rr,,,c04p0800q,VARCHAR,14,CA_RR,,,,,,
housing_cost_ty,27,version,,,c04p0800r,REAL,,version,,,,,,
housing_cost_ty,28,gvid,,c03x04003,c04p0800s,VARCHAR,6,gvid,c00109003,,,census.gov-index-counties:gvid,0.0.5:gvid,counties.gvid
,,,,,,,,,,,,,,
food_affordability,1,id,1,,t04p09,INTEGER,,Food Affordability: average cost of a market basket of nutritious food items relative to income,,counties,,,,
food_affordability,2,ind_id,,,c04p09002,INTEGER,3,ind_id,,,,,,
food_affordability,3,ind_definition,,,c04p09003,VARCHAR,75,ind_definition,,,,,,
food_affordability,4,reportyear,,,c04p09004,VARCHAR,9,reportyear,,,,,,
food_affordability,5,race_eth_code,,,c04p09005,INTEGER,1,race_eth_code,,,,,,
food_affordability,6,race_eth_name,,,c04p09006,VARCHAR,9,race_eth_name,,,,,,
food_affordability,7,geotype,,,c04p09007,VARCHAR,2,geotype,,,,,,
food_affordability,8,geotypevalue,,,c04p09008,INTEGER,5,geotypevalue,,,,,,
food_affordability,9,geoname,,,c04p09009,VARCHAR,33,geoname,,,,,,
food_affordability,10,county_name,,,c04p0900a,VARCHAR,15,county_name,,,,,,
food_affordability,11,county_fips,,,c04p0900b,INTEGER,4,county_fips,,,,,,
food_affordability,12,region_name,,,c04p0900c,VARCHAR,26,region_name,,,,,,
food_affordability,13,region_code,,,c04p0900d,INTEGER,2,region_code,,,,,,
food_affordability,14,cost_yr,,,c04p0900e,REAL,,cost_yr,,,,,,
food_affordability,15,median_income,,,c04p0900f,REAL,,median_income,,,,,,
food_affordability,16,affordability_ratio,,,c04p0900g,VARCHAR,9,affordability_ratio,,,,,,
food_affordability,17,ll95_affordability_ratio,,,c04p0900h,VARCHAR,9,LL95_affordability_ratio,,,,,,
food_affordability,18,ul95_affordability_ratio,,,c04p0900i,VARCHAR,11,UL95_affordability_ratio,,,,,,
food_affordability,19,se_food_afford,,,c04p0900j,VARCHAR,10,se_food_afford,,,,,,
food_affordability,20,rse_food_afford,,,c04p0900k,VARCHAR,12,rse_food_afford,,,,,,
food_affordability,21,food_afford_decile,,,c04p0900l,VARCHAR,4,food_afford_decile,,,,,,
food_affordability,22,ca_rr_affordability,,,c04p0900m,VARCHAR,10,CA_RR_Affordability,,,,,,
food_affordability,23,ave_fam_size,,,c04p0900n,REAL,,ave_fam_size,,,,,,
food_affordability,24,version,,,c04p0900o,REAL,,version,,,,,,
food_affordability,25,gvid,,c03x04003,c04p0900p,VARCHAR,6,gvid,c00109003,,,census.gov-index-counties:gvid,0.0.5:gvid,counties.gvid
,,,,,,,,,,,,,,
housing_cost_os,1,id,1,,t04p0a,INTEGER,,"Housing Cost Burden: Percent of households incurring housing cost burdens, Orange-Sutter Counties",,,,,,
housing_cost_os,2,ind_id,,,c04p0a002,INTEGER,,ind_id,,,,,,
housing_cost_os,3,ind_definition,,,c04p0a003,VARCHAR,126,ind_definition,,,,,,
housing_cost_os,4,datasource,,,c04p0a004,VARCHAR,4,datasource,,,,,,
housing_cost_os,5,reportyear,,,c04p0a005,VARCHAR,9,reportyear,,,,,,
housing_cost_os,6,burden,,,c04p0a006,VARCHAR,92,burden,,,,,,
housing_cost_os,7,tenure,,,c04p0a007,VARCHAR,45,tenure,,,,,,
housing_cost_os,8,race_eth_code,,,c04p0a008,INTEGER,,race_eth_code,,,,,,
housing_cost_os,9,race_eth_name,,,c04p0a009,VARCHAR,9,race_eth_name,,,,,,
housing_cost_os,10,income_level,,,c04p0a00a,VARCHAR,75,income_level,,,,,,
housing_cost_os,11,geotype,,,c04p0a00b,VARCHAR,2,geotype,,,,,,
housing_cost_os,12,geotypevalue,,,c04p0a00c,INTEGER,,geotypevalue,,,,,,
housing_cost_os,13,geoname,,,c04p0a00d,VARCHAR,15,geoname,,,,,,
housing_cost_os,14,county_name,,,c04p0a00e,VARCHAR,15,county_name,,,,,,
housing_cost_os,15,county_fips,,,c04p0a00f,INTEGER,,county_fips,,,,,,
housing_cost_os,16,region_name,,,c04p0a00g,VARCHAR,19,region_name,,,,,,
housing_cost_os,17,region_code,,,c04p0a00h,INTEGER,,region_code,,,,,,
housing_cost_os,18,total_households,,,c04p0a00i,INTEGER,,total_households,,,,,,
housing_cost_os,19,burdened_households,,,c04p0a00j,INTEGER,,burdened_households,,,,,,
housing_cost_os,20,percent,,,c04p0a00k,REAL,,percent,,,,,,
housing_cost_os,21,ll95ci,,,c04p0a00l,REAL,,LL95CI,,,,,,
housing_cost_os,22,ul95ci,,,c04p0a00m,REAL,,UL95CI,,,,,,
housing_cost_os,23,se,,,c04p0a00n,REAL,,SE,,,,,,
housing_cost_os,24,rse,,,c04p0a00o,REAL,,rse,,,,,,
housing_cost_os,25,ca_decile,,,c04p0a00p,VARCHAR,4,CA_decile,,,,,,
housing_cost_os,26,ca_rr,,,c04p0a00q,REAL,,CA_RR,,,,,,
housing_cost_os,27,version,,,c04p0a00r,REAL,,version,,,,,,
housing_cost_os,28,gvid,,c03x04003,c04p0a00s,VARCHAR,6,gvid,c00109003,,,census.gov-index-counties:gvid,0.0.5:gvid,counties.gvid
,,,,,,,,,,,,,,
poverty_rate,1,id,1,,t04p0b,INTEGER,,"Poverty Rate: Overall, Concentrated, and Child (under 18 years of age)",,,,,,
poverty_rate,2,ind_id,,,c04p0b002,INTEGER,3,ind_id,,,,,,
poverty_rate,3,ind_definition,,,c04p0b003,VARCHAR,68,ind_definition,,,,,,
poverty_rate,4,reportyear,,,c04p0b004,VARCHAR,9,reportyear,,,,,,
poverty_rate,5,race_eth_code,,,c04p0b005,INTEGER,1,race_eth_code,,,,,,
poverty_rate,6,race_eth_name,,,c04p0b006,VARCHAR,9,race_eth_name,,,,,,
poverty_rate,7,geotype,,,c04p0b007,VARCHAR,2,geotype,,,,,,
poverty_rate,8,geotypevalue,,,c04p0b008,INTEGER64,10,geotypevalue,,,,,,
poverty_rate,9,geoname,,,c04p0b009,VARCHAR,37,geoname,,,,,,
poverty_rate,10,county_name,,,c04p0b00a,VARCHAR,15,county_name,,,,,,
poverty_rate,11,county_fips,,,c04p0b00b,INTEGER,4,county_fips,,,,,,
poverty_rate,12,region_name,,,c04p0b00c,VARCHAR,26,region_name,,,,,,
poverty_rate,13,region_code,,,c04p0b00d,INTEGER,2,region_code,,,,,,
poverty_rate,14,poverty,,,c04p0b00e,VARCHAR,12,Poverty,,,,,,
poverty_rate,15,totalpop,,,c04p0b00f,REAL,,TotalPop,,,,,,
poverty_rate,16,numpov,,,c04p0b00g,REAL,,NumPov,,,,,,
poverty_rate,17,percent,,,c04p0b00h,REAL,,percent,,,,,,
poverty_rate,18,ll_95ci_percent,,,c04p0b00i,REAL,,LL_95CI_percent,,,,,,
poverty_rate,19,ul_95ci_percent,,,c04p0b00j,REAL,,UL_95CI_percent,,,,,,
poverty_rate,20,percent_se,,,c04p0b00k,REAL,,percent_SE,,,,,,
poverty_rate,21,percent_rse,,,c04p0b00l,REAL,,percent_RSE,,,,,,
poverty_rate,22,place_decile,,,c04p0b00m,VARCHAR,3,place_decile,,,,,,
poverty_rate,23,ca_rr,,,c04p0b00n,REAL,,CA_RR,,,,,,
poverty_rate,24,concentratedct,,,c04p0b00o,VARCHAR,3,ConcentratedCT,,,,,,
poverty_rate,25,version,,,c04p0b00p,REAL,,version,,,,,,
poverty_rate,26,gvid,,c03x04003,c04p0b00q,VARCHAR,6,gvid,c00109003,,,census.gov-index-counties:gvid,0.0.5:gvid,counties.gvid
,,,,,,,,,,,,,,
registered_voters,1,id,1,,t04p0c,INTEGER,,Voter Registration/Participation: Percent of the eligible population registered to vote and the percent who voted in statewide elections,,,,,,
registered_voters,2,ind_id,,,c04p0c002,INTEGER,3,ind_id,,,,,,
registered_voters,3,ind_definition,,,c04p0c003,VARCHAR,66,ind_definition,,,,,,
registered_voters,4,reportyear,,,c04p0c004,VARCHAR,9,reportyear,,,,,,
registered_voters,5,race_eth_code,,,c04p0c005,INTEGER,1,race_eth_code,,,,,,
registered_voters,6,race_eth_name,,,c04p0c006,VARCHAR,5,race_eth_name,,,,,,
registered_voters,7,geotype,,,c04p0c007,VARCHAR,2,geotype,,,,,,
registered_voters,8,geotypevalue,,,c04p0c008,INTEGER64,,geotypevalue,,,,,,
registered_voters,9,geoname,,,c04p0c009,VARCHAR,37,geoname,,,1,,,
registered_voters,10,county_fips,,,c04p0c00a,INTEGER,4,county_fips,,,,,,
registered_voters,11,county_name,,,c04p0c00b,VARCHAR,15,county_name,,,,,,
registered_voters,12,region_code,,,c04p0c00c,VARCHAR,2,region_code,,,,,,
registered_voters,13,region_name,,,c04p0c00d,VARCHAR,26,region_name,,,,,,
registered_voters,14,type,,,c04p0c00e,VARCHAR,19,type,,,,,,
registered_voters,15,numerator,,,c04p0c00f,INTEGER,8,numerator,,,,,,
registered_voters,16,denominator,,,c04p0c00g,INTEGER,8,denominator,,,,,,
registered_voters,17,percent,,,c04p0c00h,REAL,,percent,,,,,,
registered_voters,18,ll_95ci,,,c04p0c00i,REAL,,ll_95ci,,,,,,
registered_voters,19,ul_95ci,,,c04p0c00j,REAL,,ul_95ci,,,,,,
registered_voters,20,se,,,c04p0c00k,REAL,,se,,,,,,
registered_voters,21,rse,,,c04p0c00l,REAL,,rse,,,,,,
registered_voters,22,ca_decile,,,c04p0c00m,VARCHAR,4,ca_decile,,,,,,
registered_voters,23,ca_rr,,,c04p0c00n,REAL,,ca_rr,,,,,,
registered_voters,24,vap,,,c04p0c00o,REAL,,vap,,,,,,
registered_voters,25,version,,,c04p0c00p,REAL,,version,,,,,,
registered_voters,26,gvid,,c03x04003,c04p0c00q,VARCHAR,6,gvid,c00109003,,,census.gov-index-counties:gvid,0.0.5:gvid,counties.gvid
,,,,,,,,,,,,,,
public_transit_bay,1,id,1,,t04p0d,INTEGER,,"Public Transit Access: Percent of population residing within 1/2 mile of a major transit stop, Bay Area",,,,,,
public_transit_bay,2,ind_id,,,c04p0d002,INTEGER,,ind_id,,,,,,
public_transit_bay,3,ind_definition,,,c04p0d003,INTEGER,,,,,,,,
,,,,,,,,,,,,,,
alcohol_outlets_an,1,id,1,,t04p0e,INTEGER,,"Proximity to Alcohol Outlets: Percent of the population within 1/4 mile of alcohol outlets, Alameda-Nevada",,,,,,
alcohol_outlets_an,2,ind_id,,,c04p0e002,INTEGER,3,ind_id,,,,,,
alcohol_outlets_an,3,ind_definition,,,c04p0e003,VARCHAR,87,ind_definition,,,,,,
alcohol_outlets_an,4,reportyear,,,c04p0e004,INTEGER,4,reportyear,,,,,,
alcohol_outlets_an,5,race_eth_code,,,c04p0e005,INTEGER,1,race_eth_code,,,,,,
alcohol_outlets_an,6,race_eth_name,,,c04p0e006,VARCHAR,9,race_eth_name,,,,,,
alcohol_outlets_an,7,geotype,,,c04p0e007,VARCHAR,2,geotype,,,,,,
alcohol_outlets_an,8,geotypevalue,,,c04p0e008,INTEGER64,10,geotypevalue,,,,,,
alcohol_outlets_an,9,geoname,,,c04p0e009,VARCHAR,36,geoname,,,,,,
alcohol_outlets_an,10,county_fips,,,c04p0e00a,INTEGER,4,county_fips,,,,,,
alcohol_outlets_an,11,county_name,,,c04p0e00b,VARCHAR,12,county_name,,,,,,
alcohol_outlets_an,12,region_code,,,c04p0e00c,INTEGER,2,region_code,,,,,,
alcohol_outlets_an,13,region_name,,,c04p0e00d,VARCHAR,26,region_name,,,,,,
alcohol_outlets_an,14,license_type,,,c04p0e00e,VARCHAR,14,license_type,,,,,,
alcohol_outlets_an,15,numerator,,,c04p0e00f,INTEGER,8,numerator,,,,,,
alcohol_outlets_an,16,denominator,,,c04p0e00g,INTEGER,8,denominator,,,,,,
alcohol_outlets_an,17,percent,,,c04p0e00h,REAL,,percent,,,,,,
alcohol_outlets_an,18,ll_95ci,,,c04p0e00i,REAL,,ll_95ci,,,,,,
alcohol_outlets_an,19,ul_95ci,,,c04p0e00j,REAL,,ul_95ci,,,,,,
alcohol_outlets_an,20,se,,,c04p0e00k,REAL,,se,,,,,,
alcohol_outlets_an,21,rse,,,c04p0e00l,REAL,,rse,,,,,,
alcohol_outlets_an,22,ca_decile,,,c04p0e00m,VARCHAR,4,ca_decile,,,,,,
alcohol_outlets_an,23,ca_rr,,,c04p0e00n,REAL,,ca_rr,,,,,,
alcohol_outlets_an,24,version,,,c04p0e00o,REAL,,version,,,,,,
alcohol_outlets_an,25,gvid,,c03x04003,c04p0e00p,VARCHAR,6,gvid,c00109003,,,census.gov-index-counties:gvid,0.0.5:gvid,counties.gvid
,,,,,,,,,,,,,,
abuse_neglect,1,id,1,,t04p0f,INTEGER,,Children reported with neglect or physical or sexual abuse,,,,,,
abuse_neglect,2,ind_id,,,c04p0f002,INTEGER,3,ind_id,,,,,,
abuse_neglect,3,ind_definition,,,c04p0f003,VARCHAR,80,ind_definition,,,,,,
abuse_neglect,4,reportyear,,,c04p0f004,INTEGER,4,reportyear,,,,,,
abuse_neglect,5,race_eth_code,,,c04p0f005,INTEGER,1,race_eth_code,,,,,,
abuse_neglect,6,race_eth_name,,,c04p0f006,VARCHAR,9,race_eth_name,,,,,,
abuse_neglect,7,geotype,,,c04p0f007,VARCHAR,2,geotype,,,,,,
abuse_neglect,8,geotypevalue,,,c04p0f008,INTEGER64,10,geotypevalue,,,,,,
abuse_neglect,9,geoname,,,c04p0f009,VARCHAR,36,geoname,,,,,,
abuse_neglect,10,county_fips,,,c04p0f00a,INTEGER,4,county_fips,,,,,,
abuse_neglect,11,county_name,,,c04p0f00b,VARCHAR,15,county_name,,,,,,
abuse_neglect,12,region_code,,,c04p0f00c,INTEGER,2,region_code,,,,,,
abuse_neglect,13,region_name,,,c04p0f00d,VARCHAR,26,region_name,,,,,,
abuse_neglect,14,strata_name_code,,,c04p0f00e,INTEGER,1,strata_name_code,,,,,,
abuse_neglect,15,strata_name,,,c04p0f00f,VARCHAR,32,strata_name,,,,,,
abuse_neglect,16,strata_level_name_code,,,c04p0f00g,INTEGER,1,strata_level_name_code,,,,,,
abuse_neglect,17,strata_level_name,,,c04p0f00h,VARCHAR,16,strata_level_name,,,,,,
abuse_neglect,18,allegations_children,,,c04p0f00i,INTEGER,6,allegations_children,,,,,,
abuse_neglect,19,total_children,,,c04p0f00j,INTEGER,7,total_children,,,,,,
abuse_neglect,20,percent,,,c04p0f00k,REAL,,percent,,,,,,
abuse_neglect,21,ll_95ci,,,c04p0f00l,REAL,,ll_95ci,,,,,,
abuse_neglect,22,ul_95ci,,,c04p0f00m,REAL,,ul_95ci,,,,,,
abuse_neglect,23,se,,,c04p0f00n,REAL,,se,,,,,,
abuse_neglect,24,rse,,,c04p0f00o,REAL,,rse,,,,,,
abuse_neglect,25,ca_decile,,,c04p0f00p,VARCHAR,4,ca_decile,,,,,,
abuse_neglect,26,ca_rr,,,c04p0f00q,REAL,,ca_rr,,,,,,
abuse_neglect,27,version,,,c04p0f00r,REAL,,version,,,,,,
abuse_neglect,28,gvid,,c03x04003,c04p0f00s,VARCHAR,6,gvid,c00109003,,,census.gov-index-counties:gvid,0.0.5:gvid,counties.gvid
,,,,,,,,,,,,,,
living_wage,1,id,1,,t04p0g,INTEGER,,Living Wage (single mother with children and married couple with children),,,,,,
living_wage,2,ind_id,,,c04p0g002,INTEGER,3,ind_id,,,,,,
living_wage,3,ind_definition,,,c04p0g003,VARCHAR,70,ind_definition,,,,,,
living_wage,4,reportyear,,,c04p0g004,INTEGER,4,reportyear,,,,,,
living_wage,5,family_type,,,c04p0g005,VARCHAR,22,family_type,,,,,,
living_wage,6,race_eth_code,,,c04p0g006,INTEGER,1,race_eth_code,,,,,,
living_wage,7,race_eth_name,,,c04p0g007,VARCHAR,9,race_eth_name,,,,,,
living_wage,8,geotype,,,c04p0g008,VARCHAR,2,geotype,,,,,,
living_wage,9,geotypevalue,,,c04p0g009,INTEGER,5,geotypevalue,,,,,,
living_wage,10,geoname,,,c04p0g00a,VARCHAR,37,geoname,,,,,,
living_wage,11,county_name,,,c04p0g00b,VARCHAR,15,county_name,,,,,,
living_wage,12,county_fips,,,c04p0g00c,INTEGER,4,county_fips,,,,,,
living_wage,13,region_name,,,c04p0g00d,VARCHAR,26,region_name,,,,,,
living_wage,14,region_code,,,c04p0g00e,INTEGER,2,region_code,,,,,,
living_wage,15,fam_lt_lw,,,c04p0g00f,REAL,,fam_lt_lw,,,,,,
living_wage,16,families,,,c04p0g00g,INTEGER,7,families,,,,,,
living_wage,17,pct_lt_lw,,,c04p0g00h,REAL,,pct_lt_lw,,,,,,
living_wage,18,ll_95ci,,,c04p0g00i,VARCHAR,2,LL_95CI,,,,,,
living_wage,19,ul_95ci,,,c04p0g00j,VARCHAR,2,UL_95CI,,,,,,
living_wage,20,se,,,c04p0g00k,VARCHAR,2,se,,,,,,
living_wage,21,rse,,,c04p0g00l,VARCHAR,2,rse,,,,,,
living_wage,22,family_type_decile,,,c04p0g00m,INTEGER,2,family_type_decile,,,,,,
living_wage,23,ca_rr,,,c04p0g00n,REAL,,CA_RR,,,,,,
living_wage,24,livingwage,,,c04p0g00o,REAL,,livingwage,,,,,,
living_wage,25,version,,,c04p0g00p,REAL,,version,,,,,,
living_wage,26,gvid,,c03x04003,c04p0g00q,VARCHAR,6,gvid,c00109003,,,census.gov-index-counties:gvid,0.0.5:gvid,counties.gvid
,,,,,,,,,,,,,,
jobs_employed_ratio,1,id,1,,t04p0h,INTEGER,,Jobs to Employed Residents Ratio,,,,,,
jobs_employed_ratio,2,ind_id,,,c04p0h002,INTEGER,3,ind_id,,,,,,
jobs_employed_ratio,3,ind_definition,,,c04p0h003,VARCHAR,32,ind_definition,,,,,,
jobs_employed_ratio,4,reportyear,,,c04p0h004,INTEGER,4,reportyear,,,,,,
jobs_employed_ratio,5,race_eth_code,,,c04p0h005,INTEGER,1,race_eth_code,,,,,,
jobs_employed_ratio,6,race_eth_name,,,c04p0h006,VARCHAR,5,race_eth_name,,,,,,
jobs_employed_ratio,7,geotype,,,c04p0h007,VARCHAR,2,geotype,,,,,,
jobs_employed_ratio,8,geotypevalue,,,c04p0h008,INTEGER,5,geotypevalue,,,,,,
jobs_employed_ratio,9,geoname,,,c04p0h009,VARCHAR,35,geoname,,,,,,
jobs_employed_ratio,10,county_name,,,c04p0h00a,VARCHAR,15,county_name,,,,,,
jobs_employed_ratio,11,county_fips,,,c04p0h00b,INTEGER,4,county_fips,,,,,,
jobs_employed_ratio,12,msa_name,,,c04p0h00c,VARCHAR,35,msa_name,,,,,,
jobs_employed_ratio,13,msa_code,,,c04p0h00d,INTEGER,5,msa_code,,,,,,
jobs_employed_ratio,14,strata_name_code,,,c04p0h00e,INTEGER,1,strata_name_code,,,,,,
jobs_employed_ratio,15,strata_name,,,c04p0h00f,VARCHAR,13,strata_name,,,,,,
jobs_employed_ratio,16,strata_level_name_code,,,c04p0h00g,INTEGER,2,strata_level_name_code,,,,,,
jobs_employed_ratio,17,strata_level_name,,,c04p0h00h,VARCHAR,39,strata_level_name,,,,,,
jobs_employed_ratio,18,jobs,,,c04p0h00i,INTEGER,7,jobs,,,,,,
jobs_employed_ratio,19,employed_res,,,c04p0h00j,INTEGER,7,employed_res,,,,,,
jobs_employed_ratio,20,ratio,,,c04p0h00k,REAL,,ratio,,,,,,
jobs_employed_ratio,21,ll_95ci,,,c04p0h00l,VARCHAR,2,ll_95ci,,,,,,
jobs_employed_ratio,22,ul_95ci,,,c04p0h00m,VARCHAR,2,ul_95ci,,,,,,
jobs_employed_ratio,23,ratio_se,,,c04p0h00n,VARCHAR,2,ratio_se,,,,,,
jobs_employed_ratio,24,ratio_rse,,,c04p0h00o,VARCHAR,2,ratio_rse,,,,,,
jobs_employed_ratio,25,ratio_decile,,,c04p0h00p,INTEGER,2,ratio_decile,,,,,,
jobs_employed_ratio,26,ms_rr,,,c04p0h00q,REAL,,MS_RR,,,,,,
jobs_employed_ratio,27,version,,,c04p0h00r,REAL,,version,,,,,,
jobs_employed_ratio,28,gvid,,c03x04003,c04p0h00s,VARCHAR,6,gvid,c00109003,,,census.gov-index-counties:gvid,0.0.5:gvid,counties.gvid
,,,,,,,,,,,,,,
unsafe_water_oy,1,id,1,,t04p0i,INTEGER,,"Unsafe Drinking Water: Percent of the population served by Community Water Systems not meeting Safe Drinking Water Act  regulations, Orange-Yuba Counties",,,,,,
unsafe_water_oy,2,ind_id,,,c04p0i002,INTEGER,3,ind_id,,,,,,
unsafe_water_oy,3,ind_definition,,,c04p0i003,VARCHAR,139,ind_definition,,,,,,
unsafe_water_oy,4,reportyear,,,c04p0i004,VARCHAR,9,reportyear,,,,,,
unsafe_water_oy,5,race_eth_code,,,c04p0i005,INTEGER,1,race_eth_code,,,,,,
unsafe_water_oy,6,race_eth_name,,,c04p0i006,VARCHAR,9,race_eth_name,,,,,,
unsafe_water_oy,7,geotype,,,c04p0i007,VARCHAR,2,geotype,,,,,,
unsafe_water_oy,8,geotypevalue,,,c04p0i008,INTEGER64,10,geotypevalue,,,,,,
unsafe_water_oy,9,geoname,,,c04p0i009,VARCHAR,37,geoname,,,,,,
unsafe_water_oy,10,county_fips,,,c04p0i00a,INTEGER,4,county_fips,,,,,,
unsafe_water_oy,11,county_name,,,c04p0i00b,VARCHAR,15,county_name,,,,,,
unsafe_water_oy,12,region_code,,,c04p0i00c,INTEGER,2,region_code,,,,,,
unsafe_water_oy,13,region_name,,,c04p0i00d,VARCHAR,26,region_name,,,,,,
unsafe_water_oy,14,category,,,c04p0i00e,VARCHAR,8,category,,,,,,
unsafe_water_oy,15,numerator,,,c04p0i00f,INTEGER,6,numerator,,,,,,
unsafe_water_oy,16,denominator,,,c04p0i00g,INTEGER,7,denominator,,,,,,
unsafe_water_oy,17,percent,,,c04p0i00h,REAL,,percent,,,,,,
unsafe_water_oy,18,ll_95ci,,,c04p0i00i,REAL,,ll_95ci,,,,,,
unsafe_water_oy,19,ul_95ci,,,c04p0i00j,REAL,,ul_95ci,,,,,,
unsafe_water_oy,20,se,,,c04p0i00k,REAL,,se,,,,,,
unsafe_water_oy,21,rse,,,c04p0i00l,VARCHAR,14,rse,,,,,,
unsafe_water_oy,22,ca_decile,,,c04p0i00m,VARCHAR,3,ca_decile,,,,,,
unsafe_water_oy,23,ca_rr,,,c04p0i00n,REAL,,ca_rr,,,,,,
unsafe_water_oy,24,tot_pop,,,c04p0i00o,INTEGER,7,tot_pop,,,,,,
unsafe_water_oy,25,coverage,,,c04p0i00p,REAL,,coverage,,,,,,
unsafe_water_oy,26,version,,,c04p0i00q,REAL,,version,,,,,,
unsafe_water_oy,27,gvid,,c03x04003,c04p0i00r,VARCHAR,6,gvid,c00109003,,,census.gov-index-counties:gvid,0.0.5:gvid,counties.gvid
,,,,,,,,,,,,,,
public_transit_sc,1,id,1,,t04p0j,INTEGER,,"Public Transit Access: Percent of population residing within 1/2 mile of a major transit stop, Southern California",,,,,,
public_transit_sc,2,ind_id,,,c04p0j002,INTEGER,,ind_id,,,,,,
public_transit_sc,3,ind_definition,,,c04p0j003,VARCHAR,60,ind_definition,,,,,,
public_transit_sc,4,reportyear,,,c04p0j004,INTEGER,,reportyear,,,,,,
public_transit_sc,5,race_eth_code,,,c04p0j005,INTEGER,,race_eth_code,,,,,,
public_transit_sc,6,race_eth_name,,,c04p0j006,VARCHAR,9,race_eth_name,,,,,,
public_transit_sc,7,geotype,,,c04p0j007,VARCHAR,2,geotype,,,,,,
public_transit_sc,8,geotypevalue,,,c04p0j008,INTEGER,,geotypevalue,,,,,,
public_transit_sc,9,geoname,,,c04p0j009,VARCHAR,20,geoname,,,,,,
public_transit_sc,10,county_name,,,c04p0j00a,VARCHAR,14,county_name,,,,,,
public_transit_sc,11,county_fips,,,c04p0j00b,INTEGER,,county_fips,,,,,,
public_transit_sc,12,region_name,,,c04p0j00c,VARCHAR,19,region_name,,,,,,
public_transit_sc,13,region_code,,,c04p0j00d,INTEGER,,region_code,,,,,,
public_transit_sc,14,pop_trans_acc,,,c04p0j00e,INTEGER,,pop_trans_acc,,,,,,
public_transit_sc,15,pop2010,,,c04p0j00f,INTEGER,,pop2010,,,,,,
public_transit_sc,16,p_trans_acc,,,c04p0j00g,REAL,,p_trans_acc,,,,,,
public_transit_sc,17,ll_95ci,,,c04p0j00h,REAL,,LL_95CI,,,,,,
public_transit_sc,18,ul_95ci,,,c04p0j00i,REAL,,UL_95CI,,,,,,
public_transit_sc,19,se,,,c04p0j00j,REAL,,se,,,,,,
public_transit_sc,20,rse,,,c04p0j00k,REAL,,rse,,,,,,
public_transit_sc,21,sc_decile,,,c04p0j00l,VARCHAR,0,SC_decile,,,,,,
public_transit_sc,22,sc_rr,,,c04p0j00m,REAL,,SC_RR,,,,,,
public_transit_sc,23,version,,,c04p0j00n,REAL,,version,,,,,,
public_transit_sc,24,gvid,,c03x04003,c04p0j00o,VARCHAR,6,gvid,c00109003,,,census.gov-index-counties:gvid,0.0.5:gvid,counties.gvid
,,,,,,,,,,,,,,
walk_bicycyle,1,id,1,,t04p0k,INTEGER,,Percent of residents by time walking and bicycling,,,,,,
walk_bicycyle,2,ind_id,,,c04p0k002,INTEGER,3,ind_id,,,,,,
walk_bicycyle,3,ind_definition,,,c04p0k003,VARCHAR,115,ind_definition,,,,,,
walk_bicycyle,4,reportyear,,,c04p0k004,VARCHAR,9,reportyear,,,,,,
walk_bicycyle,5,race_eth_code,,,c04p0k005,INTEGER,1,race_eth_code,,,,,,
walk_bicycyle,6,race_eth_name,,,c04p0k006,VARCHAR,9,race_eth_name,,,,,,
walk_bicycyle,7,geotype,,,c04p0k007,VARCHAR,2,geotype,,,,,,
walk_bicycyle,8,geotypevalue,,,c04p0k008,INTEGER,5,geotypevalue,,,,,,
walk_bicycyle,9,geoname,,,c04p0k009,VARCHAR,37,geoname,,,,,,
walk_bicycyle,10,county_name,,,c04p0k00a,VARCHAR,15,county_name,,,,,,
walk_bicycyle,11,county_fips,,,c04p0k00b,INTEGER,4,county_fips,,,,,,
walk_bicycyle,12,region_name,,,c04p0k00c,VARCHAR,26,region_name,,,,,,
walk_bicycyle,13,region_code,,,c04p0k00d,INTEGER,2,region_code,,,,,,
walk_bicycyle,14,modetwk,,,c04p0k00e,VARCHAR,7,modetwk,,,,,,
walk_bicycyle,15,n_total,,,c04p0k00f,REAL,,n_total,,,,,,
walk_bicycyle,16,n_time_mode,,,c04p0k00g,REAL,,n_time_mode,,,,,,
walk_bicycyle,17,percent,,,c04p0k00h,REAL,,percent,,,,,,
walk_bicycyle,18,ll95ci_percent,,,c04p0k00i,REAL,,LL95CI_percent,,,,,,
walk_bicycyle,19,ul95ci_percent,,,c04p0k00j,REAL,,UL95CI_percent,,,,,,
walk_bicycyle,20,percent_se,,,c04p0k00k,REAL,,percent_se,,,,,,
walk_bicycyle,21,percent_rse,,,c04p0k00l,REAL,,percent_rse,,,,,,
walk_bicycyle,22,ca_decile,,,c04p0k00m,VARCHAR,3,CA_decile,,,,,,
walk_bicycyle,23,ca_rr,,,c04p0k00n,REAL,,CA_RR,,,,,,
walk_bicycyle,24,version,,,c04p0k00o,REAL,,version,,,,,,
walk_bicycyle,25,gvid,,c03x04003,c04p0k00p,VARCHAR,6,gvid,c00109003,,,census.gov-index-counties:gvid,0.0.5:gvid,counties.gvid
,,,,,,,,,,,,,,
public_transit_sd,1,id,1,,t04p0l,INTEGER,,"Public Transit Access: Percent of population residing within 1/2 mile of a major transit stop, San Diego",,,,,,
public_transit_sd,2,ind_id,,,c04p0l002,INTEGER,,ind_id,,,,,,
public_transit_sd,3,ind_definition,,,c04p0l003,VARCHAR,60,ind_definition,,,,,,
public_transit_sd,4,reportyear,,,c04p0l004,INTEGER,,reportyear,,,,,,
public_transit_sd,5,race_eth_code,,,c04p0l005,INTEGER,,race_eth_code,,,,,,
public_transit_sd,6,race_eth_name,,,c04p0l006,VARCHAR,9,race_eth_name,,,,,,
public_transit_sd,7,geotype,,,c04p0l007,VARCHAR,2,geotype,,,,,,
public_transit_sd,8,geotypevalue,,,c04p0l008,INTEGER,,geotypevalue,,,,,,
public_transit_sd,9,geoname,,,c04p0l009,VARCHAR,20,geoname,,,,,,
public_transit_sd,10,county_name,,,c04p0l00a,VARCHAR,9,county_name,,,,,,
public_transit_sd,11,county_fips,,,c04p0l00b,INTEGER,,county_fips,,,,,,
public_transit_sd,12,region_name,,,c04p0l00c,VARCHAR,9,region_name,,,,,,
public_transit_sd,13,region_code,,,c04p0l00d,INTEGER,,region_code,,,,,,
public_transit_sd,14,pop_trans_acc,,,c04p0l00e,INTEGER,,pop_trans_acc,,,,,,
public_transit_sd,15,pop2010,,,c04p0l00f,INTEGER,,pop2010,,,,,,
public_transit_sd,16,p_trans_acc,,,c04p0l00g,REAL,,p_trans_acc,,,,,,
public_transit_sd,17,ll_95ci,,,c04p0l00h,REAL,,LL_95CI,,,,,,
public_transit_sd,18,ul_95ci,,,c04p0l00i,REAL,,UL_95CI,,,,,,
public_transit_sd,19,se,,,c04p0l00j,REAL,,se,,,,,,
public_transit_sd,20,rse,,,c04p0l00k,REAL,,rse,,,,,,
public_transit_sd,21,sd_decile,,,c04p0l00l,VARCHAR,0,SD_decile,,,,,,
public_transit_sd,22,sd_rr,,,c04p0l00m,REAL,,SD_RR,,,,,,
public_transit_sd,23,version,,,c04p0l00n,REAL,,version,,,,,,
public_transit_sd,24,gvid,,c03x04003,c04p0l00o,VARCHAR,6,gvid,c00109003,,,census.gov-index-counties:gvid,0.0.5:gvid,counties.gvid
,,,,,,,,,,,,,,
violent_crime,1,id,1,,t04p0m,INTEGER,,"Number of Violent Crimes per 1,000 population",,,,,,
violent_crime,2,ind_id,,,c04p0m002,INTEGER,3,ind_id,,,,,,
violent_crime,3,ind_definition,,,c04p0m003,VARCHAR,44,ind_definition,,,,,,
violent_crime,4,reportyear,,,c04p0m004,INTEGER,4,reportyear,,,,,,
violent_crime,5,race_eth_code,,,c04p0m005,INTEGER,1,race_eth_code,,,,,,
violent_crime,6,race_eth_name,,,c04p0m006,VARCHAR,5,race_eth_name,,,,,,
violent_crime,7,geotype,,,c04p0m007,VARCHAR,2,geotype,,,,,,
violent_crime,8,geotypevalue,,,c04p0m008,INTEGER,5,geotypevalue,,,,,,
violent_crime,9,geoname,,,c04p0m009,VARCHAR,37,geoname,,,,,,
violent_crime,10,county_name,,,c04p0m00a,VARCHAR,15,county_name,,,,,,
violent_crime,11,county_fips,,,c04p0m00b,INTEGER,4,county_fips,,,,,,
violent_crime,12,region_name,,,c04p0m00c,VARCHAR,26,region_name,,,,,,
violent_crime,13,region_code,,,c04p0m00d,INTEGER,2,region_code,,,,,,
violent_crime,14,numerator,,,c04p0m00e,INTEGER,6,numerator,,,,,,
violent_crime,15,denominator,,,c04p0m00f,INTEGER,8,denominator,,,,,,
violent_crime,16,ratex1000,,,c04p0m00g,REAL,,ratex1000,,,,,,
violent_crime,17,ll_95ci,,,c04p0m00h,REAL,,LL_95CI,,,,,,
violent_crime,18,ul_95ci,,,c04p0m00i,REAL,,UL_95CI,,,,,,
violent_crime,19,se,,,c04p0m00j,REAL,,se,,,,,,
violent_crime,20,rse,,,c04p0m00k,REAL,,rse,,,,,,
violent_crime,21,ca_decile,,,c04p0m00l,VARCHAR,4,CA_decile,,,,,,
violent_crime,22,rr_city2state,,,c04p0m00m,REAL,,RR_city2state,,,,,,
violent_crime,23,version,,,c04p0m00n,VARCHAR,16,version,,,,,,
violent_crime,24,gvid,,c03x04003,c04p0m00o,VARCHAR,6,gvid,c00109003,,,census.gov-index-counties:gvid,0.0.5:gvid,counties.gvid
,,,,,,,,,,,,,,
household_type,1,id,1,,t04p0n,INTEGER,,Household Type: household by type of family and head of household,,,,,,
household_type,2,ind_id,,,c04p0n002,INTEGER,3,ind_id,,,,,,
household_type,3,ind_definition,,,c04p0n003,VARCHAR,49,ind_definition,,,,,,
household_type,4,reportyear,,,c04p0n004,VARCHAR,9,reportyear,,,,,,
household_type,5,race_eth_code,,,c04p0n005,INTEGER,1,race_eth_code,,,,,,
household_type,6,race_eth_name,,,c04p0n006,VARCHAR,9,race_eth_name,,,,,,
household_type,7,geotype,,,c04p0n007,VARCHAR,2,geotype,,,,,,
household_type,8,geotypevalue,,,c04p0n008,INTEGER64,10,geotypevalue,,,,,,
household_type,9,geoname,,,c04p0n009,VARCHAR,37,geoname,,,,,,
household_type,10,county_name,,,c04p0n00a,VARCHAR,15,county_name,,,,,,
household_type,11,county_fips,,,c04p0n00b,INTEGER,4,county_fips,,,,,,
household_type,12,region_name,,,c04p0n00c,VARCHAR,26,region_name,,,,,,
household_type,13,region_code,,,c04p0n00d,INTEGER,2,region_code,,,,,,
household_type,14,strata_name_code,,,c04p0n00e,INTEGER,1,strata_name_code,,,,,,
household_type,15,strata_name,,,c04p0n00f,VARCHAR,17,strata_name,,,,,,
household_type,16,strata_level_name_code,,,c04p0n00g,INTEGER,1,strata_level_name_code,,,,,,
household_type,17,strata_level_name,,,c04p0n00h,VARCHAR,72,strata_level_name,,,,,,
household_type,18,households,,,c04p0n00i,INTEGER,7,households,,,,,,
household_type,19,total_households,,,c04p0n00j,INTEGER,8,total_households,,,,,,
household_type,20,households_percent,,,c04p0n00k,REAL,,households_percent,,,,,,
household_type,21,ll95ci_percent,,,c04p0n00l,REAL,,LL95CI_percent,,,,,,
household_type,22,ul95ci_percent,,,c04p0n00m,REAL,,UL95CI_percent,,,,,,
household_type,23,percent_se,,,c04p0n00n,REAL,,percent_se,,,,,,
household_type,24,percent_rse,,,c04p0n00o,REAL,,percent_rse,,,,,,
household_type,25,ca_decile,,,c04p0n00p,VARCHAR,4,CA_decile,,,,,,
household_type,26,ca_rr,,,c04p0n00q,REAL,,CA_RR,,,,,,
household_type,27,version,,,c04p0n00r,REAL,,version,,,,,,
household_type,28,gvid,,c03x04003,c04p0n00s,VARCHAR,6,gvid,c00109003,,,census.gov-index-counties:gvid,0.0.5:gvid,counties.gvid
,,,,,,,,,,,,,,
high_school_ed,1,id,1,,t04p0o,INTEGER,,High School or Greater Educational Attainment in the Population Aged 25 Years and Older,,,,,,
high_school_ed,2,ind_id,,,c04p0o002,INTEGER,3,ind_id,,,,,,
high_school_ed,3,ind_definition,,,c04p0o003,VARCHAR,87,ind_definition,,,,,,
high_school_ed,4,reportyear,,,c04p0o004,VARCHAR,9,reportyear,,,,,,
high_school_ed,5,race_eth_code,,,c04p0o005,INTEGER,1,race_eth_code,,,,,,
high_school_ed,6,race_eth_name,,,c04p0o006,VARCHAR,9,race_eth_name,,,,,,
high_school_ed,7,geotype,,,c04p0o007,VARCHAR,2,geotype,,,,,,
high_school_ed,8,geotypevalue,,,c04p0o008,INTEGER,9,geotypevalue,,,,,,
high_school_ed,9,geoname,,,c04p0o009,VARCHAR,37,geoname,,,,,,
high_school_ed,10,county_name,,,c04p0o00a,VARCHAR,15,county_name,,,,,,
high_school_ed,11,county_fips,,,c04p0o00b,INTEGER,4,county_fips,,,,,,
high_school_ed,12,region_name,,,c04p0o00c,VARCHAR,26,region_name,,,,,,
high_school_ed,13,region_code,,,c04p0o00d,INTEGER,2,region_code,,,,,,
high_school_ed,14,pop25pl_hs,,,c04p0o00e,REAL,,pop25pl_hs,,,,,,
high_school_ed,15,pop25pl,,,c04p0o00f,INTEGER,8,pop25pl,,,,,,
high_school_ed,16,p_hs_edatt,,,c04p0o00g,REAL,,p_hs_edatt,,,,,,
high_school_ed,17,se,,,c04p0o00h,VARCHAR,10,SE,,,,,,
high_school_ed,18,rse,,,c04p0o00i,VARCHAR,11,RSE,,,,,,
high_school_ed,19,ll_95ci,,,c04p0o00j,VARCHAR,10,LL_95CI,,,,,,
high_school_ed,20,ul_95ci,,,c04p0o00k,VARCHAR,10,UL_95CI,,,,,,
high_school_ed,21,ca_decile,,,c04p0o00l,INTEGER,2,CA_decile,,,,,,
high_school_ed,22,ca_rr,,,c04p0o00m,REAL,,CA_RR,,,,,,
high_school_ed,23,version,,,c04p0o00n,REAL,,version,,,,,,
high_school_ed,24,gvid,,c03x04003,c04p0o00o,VARCHAR,6,gvid,c00109003,,,census.gov-index-counties:gvid,0.0.5:gvid,counties.gvid
,,,,,,,,,,,,,,
miles_traveled,1,id,1,,t04p0p,INTEGER,,"Miles per capita by car, public transit, and walk/bicycle",,,,,,
miles_traveled,2,ind_id,,,c04p0p002,INTEGER,2,ind_id,,,,,,
miles_traveled,3,ind_definition,,,c04p0p003,VARCHAR,66,ind_definition,,,,,,
miles_traveled,4,reportyear,,,c04p0p004,INTEGER,4,reportyear,,,,,,
miles_traveled,5,geotype,,,c04p0p005,VARCHAR,2,geotype,,,,,,
miles_traveled,6,geotypevalue,,,c04p0p006,INTEGER,4,geotypevalue,,,,,,
miles_traveled,7,geoname,,,c04p0p007,VARCHAR,19,geoname,,,,,,
miles_traveled,8,county_name,,,c04p0p008,VARCHAR,0,county_name,,,,,,
miles_traveled,9,county_fips,,,c04p0p009,VARCHAR,0,county_fips,,,,,,
miles_traveled,10,region_name,,,c04p0p00a,VARCHAR,0,region_name,,,,,,
miles_traveled,11,region_code,,,c04p0p00b,VARCHAR,0,region_code,,,,,,
miles_traveled,12,mode,,,c04p0p00c,VARCHAR,9,mode,,,,,,
miles_traveled,13,avmttotal,,,c04p0p00d,REAL,,avmttotal,,,,,,
miles_traveled,14,totalpop,,,c04p0p00e,REAL,,totalpop,,,,,,
miles_traveled,15,mpcratio,,,c04p0p00f,REAL,,MpCratio,,,,,,
miles_traveled,16,ll95ci_mpcratio,,,c04p0p00g,VARCHAR,2,LL95CI_MpCratio,,,,,,
miles_traveled,17,ul95ci_mpcratio,,,c04p0p00h,VARCHAR,2,UL95CI_MpCratio,,,,,,
miles_traveled,18,mpcratio_se,,,c04p0p00i,VARCHAR,2,MpCratio_se,,,,,,
miles_traveled,19,mpcratio_rse,,,c04p0p00j,VARCHAR,2,MpCratio_rse,,,,,,
miles_traveled,20,ca_decile_mpcratio,,,c04p0p00k,VARCHAR,0,CA_decile_MpCratio,,,,,,
miles_traveled,21,ca_rr_mpc,,,c04p0p00l,REAL,,CA_RR_MpC,,,,,,
miles_traveled,22,areasqmi,,,c04p0p00m,VARCHAR,0,areasqmi,,,,,,
miles_traveled,23,mpsqmiratio,,,c04p0p00n,VARCHAR,0,MpSqMiratio,,,,,,
miles_traveled,24,ll95ci_mpsqmiratio,,,c04p0p00o,VARCHAR,2,LL95CI_MpSqMiratio,,,,,,
miles_traveled,25,ul95ci_mpsqmiratio,,,c04p0p00p,VARCHAR,2,UL95CI_MpSqMiratio,,,,,,
miles_traveled,26,mpsqmiratio_se,,,c04p0p00q,VARCHAR,2,MpSqMiratio_se,,,,,,
miles_traveled,27,mpsqmiratio_rse,,,c04p0p00r,VARCHAR,2,MpSqMiratio_rse,,,,,,
miles_traveled,28,ca_decile_mpsqmiratio,,,c04p0p00s,VARCHAR,0,CA_decile_MpSqMiratio,,,,,,
miles_traveled,29,ca_rr_mpsqmi,,,c04p0p00t,VARCHAR,0,CA_RR_MpSqMi,,,,,,
miles_traveled,30,groupquarters,,,c04p0p00u,VARCHAR,0,groupquarters,,,,,,
miles_traveled,31,version,,,c04p0p00v,REAL,,version,,,,,,
miles_traveled,32,gvid,,c03x04003,c04p0p00w,VARCHAR,6,gvid,c00109003,,,census.gov-index-counties:gvid,0.0.5:gvid,counties.gvid
,,,,,,,,,,,,,,
household_crowding,1,id,1,,t04p0q,INTEGER,,Household Crowding: Percent of household overcrowding and severe overcrowding,,,,,,
household_crowding,2,ind_id,,,c04p0q002,INTEGER,3,ind_id,,,,,,
household_crowding,3,ind_definition,,,c04p0q003,VARCHAR,82,ind_definition,,,,,,
household_crowding,4,reportyear,,,c04p0q004,VARCHAR,9,reportyear,,,,,,
household_crowding,5,race_eth_code,,,c04p0q005,INTEGER,1,race_eth_code,,,,,,
household_crowding,6,race_eth_name,,,c04p0q006,VARCHAR,5,race_eth_name,,,,,,
household_crowding,7,income_level,,,c04p0q007,VARCHAR,47,income_level,,,,,,
household_crowding,8,tenure,,,c04p0q008,VARCHAR,26,tenure,,,,,,
household_crowding,9,crowding_cat,,,c04p0q009,VARCHAR,31,crowding_cat,,,,,,
household_crowding,10,geotype,,,c04p0q00a,VARCHAR,2,geotype,,,,,,
household_crowding,11,geotypevalue,,,c04p0q00b,INTEGER,5,geotypevalue,,,,,,
household_crowding,12,geoname,,,c04p0q00c,VARCHAR,37,geoname,,,,,,
household_crowding,13,county_name,,,c04p0q00d,VARCHAR,15,county_name,,,,,,
household_crowding,14,county_fips,,,c04p0q00e,INTEGER,4,county_fips,,,,,,
household_crowding,15,region_name,,,c04p0q00f,VARCHAR,26,region_name,,,,,,
household_crowding,16,region_code,,,c04p0q00g,INTEGER,2,region_code,,,,,,
household_crowding,17,total_hshlds,,,c04p0q00h,INTEGER,8,total_hshlds,,,,,,
household_crowding,18,crowded_hshlds,,,c04p0q00i,INTEGER,6,crowded_hshlds,,,,,,
household_crowding,19,percent,,,c04p0q00j,REAL,,percent,,,,,,
household_crowding,20,ll95ci,,,c04p0q00k,REAL,,LL95CI,,,,,,
household_crowding,21,ul95ci,,,c04p0q00l,REAL,,UL95CI,,,,,,
household_crowding,22,se,,,c04p0q00m,REAL,,se,,,,,,
household_crowding,23,rse,,,c04p0q00n,REAL,,rse,,,,,,
household_crowding,24,ca_decile,,,c04p0q00o,VARCHAR,3,CA_decile,,,,,,
household_crowding,25,ca_rr,,,c04p0q00p,REAL,,CA_RR,,,,,,
household_crowding,26,version,,,c04p0q00q,REAL,,version,,,,,,
household_crowding,27,gvid,,c03x04003,c04p0q00r,VARCHAR,6,gvid,c00109003,,,census.gov-index-counties:gvid,0.0.5:gvid,counties.gvid
,,,,,,,,,,,,,,
income_inequality,1,id,1,,t04p0r,INTEGER,,Income Inequality: Household income relative to the number of households,,,,,,
income_inequality,2,ind_id,,,c04p0r002,INTEGER,3,ind_id,,,,,,
income_inequality,3,ind_definition,,,c04p0r003,VARCHAR,128,ind_definition,,,,,,
income_inequality,4,reportyear,,,c04p0r004,VARCHAR,9,reportyear,,,,,,
income_inequality,5,race_eth_code,,,c04p0r005,INTEGER,1,race_eth_code,,,,,,
income_inequality,6,race_eth_name,,,c04p0r006,VARCHAR,5,race_eth_name,,,,,,
income_inequality,7,geotype,,,c04p0r007,VARCHAR,2,geotype,,,,,,
income_inequality,8,geotypevalue,,,c04p0r008,INTEGER,5,geotypevalue,,,,,,
income_inequality,9,geoname,,,c04p0r009,VARCHAR,37,geoname,,,,,,
income_inequality,10,county_name,,,c04p0r00a,VARCHAR,15,county_name,,,,,,
income_inequality,11,county_fips,,,c04p0r00b,INTEGER,4,county_fips,,,,,,
income_inequality,12,region_name,,,c04p0r00c,VARCHAR,26,region_name,,,,,,
income_inequality,13,region_code,,,c04p0r00d,INTEGER,2,region_code,,,,,,
income_inequality,14,numerator,,,c04p0r00e,VARCHAR,0,numerator,,,,,,
income_inequality,15,households,,,c04p0r00f,INTEGER,8,Households,,,,,,
income_inequality,16,gini_index,,,c04p0r00g,REAL,,Gini_index,,,,,,
income_inequality,17,ll_95ci,,,c04p0r00h,REAL,,LL_95CI,,,,,,
income_inequality,18,ul_95ci,,,c04p0r00i,REAL,,UL_95CI,,,,,,
income_inequality,19,se,,,c04p0r00j,REAL,,se,,,,,,
income_inequality,20,rse,,,c04p0r00k,REAL,,rse,,,,,,
income_inequality,21,ca_decile,,,c04p0r00l,INTEGER,2,CA_decile,,,,,,
income_inequality,22,ca_rr,,,c04p0r00m,REAL,,CA_RR,,,,,,
income_inequality,23,median_hh_income,,,c04p0r00n,INTEGER,6,Median_HH_income,,,,,,
income_inequality,24,median_hh_decile,,,c04p0r00o,INTEGER,2,Median_HH_decile,,,,,,
income_inequality,25,version,,,c04p0r00p,REAL,,version,,,,,,
income_inequality,26,gvid,,c03x04003,c04p0r00q,VARCHAR,6,gvid,c00109003,,,census.gov-index-counties:gvid,0.0.5:gvid,counties.gvid
,,,,,,,,,,,,,,
jobs_housing_ratio,1,id,1,,t04p0s,INTEGER,,Jobs to Housing Ratio,,,,,,
jobs_housing_ratio,2,ind_id,,,c04p0s002,INTEGER,3,ind_id,,,,,,
jobs_housing_ratio,3,ind_definition,,,c04p0s003,VARCHAR,21,ind_definition,,,,,,
jobs_housing_ratio,4,reportyear,,,c04p0s004,VARCHAR,9,reportyear,,,,,,
jobs_housing_ratio,5,race_eth_code,,,c04p0s005,INTEGER,1,race_eth_code,,,,,,
jobs_housing_ratio,6,race_eth_name,,,c04p0s006,VARCHAR,5,race_eth_name,,,,,,
jobs_housing_ratio,7,geotype,,,c04p0s007,VARCHAR,2,geotype,,,,,,
jobs_housing_ratio,8,geotypevalue,,,c04p0s008,INTEGER,5,geotypevalue,,,,,,
jobs_housing_ratio,9,geoname,,,c04p0s009,VARCHAR,35,geoname,,,,,,
jobs_housing_ratio,10,county_name,,,c04p0s00a,VARCHAR,15,county_name,,,,,,
jobs_housing_ratio,11,county_fips,,,c04p0s00b,INTEGER,4,county_fips,,,,,,
jobs_housing_ratio,12,msa_name,,,c04p0s00c,VARCHAR,35,msa_name,,,,,,
jobs_housing_ratio,13,msa_code,,,c04p0s00d,INTEGER,5,msa_code,,,,,,
jobs_housing_ratio,14,strata_name_code,,,c04p0s00e,INTEGER,1,strata_name_code,,,,,,
jobs_housing_ratio,15,strata_name,,,c04p0s00f,VARCHAR,13,strata_name,,,,,,
jobs_housing_ratio,16,strata_level_name_code,,,c04p0s00g,INTEGER,1,strata_level_name_code,,,,,,
jobs_housing_ratio,17,strata_level_name,,,c04p0s00h,VARCHAR,30,strata_level_name,,,,,,
jobs_housing_ratio,18,jobs,,,c04p0s00i,INTEGER,7,jobs,,,,,,
jobs_housing_ratio,19,housing,,,c04p0s00j,INTEGER,7,housing,,,,,,
jobs_housing_ratio,20,ratio,,,c04p0s00k,REAL,,ratio,,,,,,
jobs_housing_ratio,21,ll_95ci,,,c04p0s00l,REAL,,ll_95ci,,,,,,
jobs_housing_ratio,22,ul_95ci,,,c04p0s00m,REAL,,ul_95ci,,,,,,
jobs_housing_ratio,23,ratio_se,,,c04p0s00n,REAL,,ratio_se,,,,,,
jobs_housing_ratio,24,ratio_rse,,,c04p0s00o,REAL,,ratio_rse,,,,,,
jobs_housing_ratio,25,ratio_decile,,,c04p0s00p,INTEGER,2,ratio_decile,,,,,,
jobs_housing_ratio,26,ms_rr,,,c04p0s00q,REAL,,MS_RR,,,,,,
jobs_housing_ratio,27,version,,,c04p0s00r,REAL,,version,,,,,,
jobs_housing_ratio,28,gvid,,c03x04003,c04p0s00s,VARCHAR,6,gvid,c00109003,,,census.gov-index-counties:gvid,0.0.5:gvid,counties.gvid
,,,,,,,,,,,,,,
transport_work,1,id,1,,t04p0t,INTEGER,,Percent of residents mode of transportation to work,,,,,,
transport_work,2,ind_id,,,c04p0t002,INTEGER,2,ind_id,,,,,,
transport_work,3,ind_definition,,,c04p0t003,VARCHAR,51,ind_definition,,,,,,
transport_work,4,reportyear,,,c04p0t004,VARCHAR,9,reportyear,,,,,,
transport_work,5,race_eth_code,,,c04p0t005,INTEGER,1,race_eth_code,,,,,,
transport_work,6,race_eth_name,,,c04p0t006,VARCHAR,9,race_eth_name,,,,,,
transport_work,7,geotype,,,c04p0t007,VARCHAR,2,geotype,,,,,,
transport_work,8,geotypevalue,,,c04p0t008,INTEGER64,10,geotypevalue,,,,,,
transport_work,9,geoname,,,c04p0t009,VARCHAR,37,geoname,,,,,,
transport_work,10,county_name,,,c04p0t00a,VARCHAR,15,county_name,,,,,,
transport_work,11,county_fips,,,c04p0t00b,INTEGER,4,county_fips,,,,,,
transport_work,12,region_name,,,c04p0t00c,VARCHAR,26,region_name,,,,,,
transport_work,13,region_code,,,c04p0t00d,INTEGER,2,region_code,,,,,,
transport_work,14,mode,,,c04p0t00e,VARCHAR,8,mode,,,,,,
transport_work,15,mode_name,,,c04p0t00f,VARCHAR,31,mode_name,,,,,,
transport_work,16,pop_total,,,c04p0t00g,INTEGER,8,pop_total,,,,,,
transport_work,17,pop_mode,,,c04p0t00h,INTEGER,8,pop_mode,,,,,,
transport_work,18,percent,,,c04p0t00i,REAL,,percent,,,,,,
transport_work,19,ll95ci_percent,,,c04p0t00j,REAL,,LL95CI_percent,,,,,,
transport_work,20,ul95ci_percent,,,c04p0t00k,REAL,,UL95CI_percent,,,,,,
transport_work,21,percent_se,,,c04p0t00l,REAL,,percent_se,,,,,,
transport_work,22,percent_rse,,,c04p0t00m,REAL,,percent_rse,,,,,,
transport_work,23,ca_decile,,,c04p0t00n,VARCHAR,4,CA_decile,,,,,,
transport_work,24,ca_rr,,,c04p0t00o,REAL,,CA_RR,,,,,,
transport_work,25,version,,,c04p0t00p,REAL,,version,,,,,,
transport_work,26,gvid,,c03x04003,c04p0t00q,VARCHAR,6,gvid,c00109003,,,census.gov-index-counties:gvid,0.0.5:gvid,counties.gvid
,,,,,,,,,,,,,,
ozone,1,id,1,,t04p0u,INTEGER,,Annual Average Number of Unhealthy Days of Ozone Air Pollution,,,,,,
ozone,2,ind_id,,,c04p0u002,INTEGER,3,ind_id,,,,,,
ozone,3,ind_definition,,,c04p0u003,VARCHAR,48,ind_definition,,,,,,
ozone,4,reportyear,,,c04p0u004,VARCHAR,9,reportyear,,,,,,
ozone,5,race_eth_code,,,c04p0u005,INTEGER,1,race_eth_code,,,,,,
ozone,6,race_eth_name,,,c04p0u006,VARCHAR,9,race_eth_name,,,,,,
ozone,7,geotype,,,c04p0u007,VARCHAR,2,geotype,,,,,,
ozone,8,geotypevalue,,,c04p0u008,INTEGER,5,geotypevalue,,,,,,
ozone,9,geoname,,,c04p0u009,VARCHAR,44,geoname,,,,,,
ozone,10,county_name,,,c04p0u00a,VARCHAR,15,county_name,,,,,,
ozone,11,county_fips,,,c04p0u00b,INTEGER,4,county_fips,,,,,,
ozone,12,region_name,,,c04p0u00c,VARCHAR,26,region_name,,,,,,
ozone,13,region_code,,,c04p0u00d,INTEGER,2,region_code,,,,,,
ozone,14,numerator,,,c04p0u00e,VARCHAR,2,numerator,,,,,,
ozone,15,poppt,,,c04p0u00f,REAL,,poppt,,,,,,
ozone,16,o3_unhealthy_days,,,c04p0u00g,REAL,,O3_unhealthy_days,,,,,,
ozone,17,ll_95ci,,,c04p0u00h,VARCHAR,2,LL_95CI,,,,,,
ozone,18,ul_95ci,,,c04p0u00i,VARCHAR,2,UL_95CI,,,,,,
ozone,19,se,,,c04p0u00j,VARCHAR,2,SE,,,,,,
ozone,20,rse,,,c04p0u00k,VARCHAR,2,RSE,,,,,,
ozone,21,ozone_decile,,,c04p0u00l,VARCHAR,3,ozone_decile,,,,,,
ozone,22,o3ratio_ca,,,c04p0u00m,REAL,,O3Ratio_CA,,,,,,
ozone,23,version,,,c04p0u00n,VARCHAR,16,version,,,,,,
ozone,24,gvid,,c03x04003,c04p0u00o,VARCHAR,6,gvid,c00109003,,,census.gov-index-counties:gvid,0.0.5:gvid,counties.gvid
,,,,,,,,,,,,,,
household_type_tracts,1,id,1,,t04p0v,INTEGER,,"Household Type: household by type of family and head of household, Census tracts (Napa-Yuba)",,,,,,
household_type_tracts,2,ind_id,,,c04p0v002,INTEGER,3,ind_id,,,,,,
household_type_tracts,3,ind_definition,,,c04p0v003,VARCHAR,49,ind_definition,,,,,,
household_type_tracts,4,reportyear,,,c04p0v004,VARCHAR,9,reportyear,,,,,,
household_type_tracts,5,race_eth_code,,,c04p0v005,INTEGER,1,race_eth_code,,,,,,
household_type_tracts,6,race_eth_name,,,c04p0v006,VARCHAR,9,race_eth_name,,,,,,
household_type_tracts,7,geotype,,,c04p0v007,VARCHAR,2,geotype,,,,,,
household_type_tracts,8,geotypevalue,,,c04p0v008,INTEGER64,10,geotypevalue,,,,,,
household_type_tracts,9,geoname,,,c04p0v009,REAL,,geoname,,,,,,
household_type_tracts,10,county_name,,,c04p0v00a,VARCHAR,15,county_name,,,,,,
household_type_tracts,11,county_fips,,,c04p0v00b,INTEGER,4,county_fips,,,,,,
household_type_tracts,12,region_name,,,c04p0v00c,VARCHAR,0,region_name,,,,,,
household_type_tracts,13,region_code,,,c04p0v00d,VARCHAR,0,region_code,,,,,,
household_type_tracts,14,strata_name_code,,,c04p0v00e,INTEGER,1,strata_name_code,,,,,,
household_type_tracts,15,strata_name,,,c04p0v00f,VARCHAR,17,strata_name,,,,,,
household_type_tracts,16,strata_level_name_code,,,c04p0v00g,INTEGER,1,strata_level_name_code,,,,,,
household_type_tracts,17,strata_level_name,,,c04p0v00h,VARCHAR,72,strata_level_name,,,,,,
household_type_tracts,18,households,,,c04p0v00i,VARCHAR,6,households,,,,,,
household_type_tracts,19,total_households,,,c04p0v00j,VARCHAR,6,total_households,,,,,,
household_type_tracts,20,households_percent,,,c04p0v00k,VARCHAR,5,households_percent,,,,,,
household_type_tracts,21,ll95ci_percent,,,c04p0v00l,VARCHAR,16,LL95CI_percent,,,,,,
household_type_tracts,22,ul95ci_percent,,,c04p0v00m,VARCHAR,14,UL95CI_percent,,,,,,
household_type_tracts,23,percent_se,,,c04p0v00n,VARCHAR,14,percent_se,,,,,,
household_type_tracts,24,percent_rse,,,c04p0v00o,VARCHAR,13,percent_rse,,,,,,
household_type_tracts,25,ca_decile,,,c04p0v00p,VARCHAR,0,CA_decile,,,,,,
household_type_tracts,26,ca_rr,,,c04p0v00q,VARCHAR,16,CA_RR,,,,,,
household_type_tracts,27,version,,,c04p0v00r,REAL,,version,,,,,,
household_type_tracts,28,gvid,,c03x04003,c04p0v00s,VARCHAR,6,gvid,c00109003,,,census.gov-index-counties:gvid,0.0.5:gvid,counties.gvid
,,,,,,,,,,,,,,
public_transit_sac,1,id,1,,t04p0w,INTEGER,,"Public Transit Access: Percent of population residing within 1/2 mile of a major transit stop, Sacramento County Area",,,,,,
public_transit_sac,2,ind_id,,,c04p0w002,INTEGER,,ind_id,,,,,,
public_transit_sac,3,ind_definition,,,c04p0w003,INTEGER,,,,,,,,
,,,,,,,,,,,,,,
unsafe_water,1,id,1,,t04p0x,INTEGER,,Unsafe Drinking Water: Percent of the population served by Community Water Systems not meeting Safe Drinking Water Act  regulations,,,,,,
unsafe_water,2,ind_id,,,c04p0x002,INTEGER,3,ind_id,,,,,,
unsafe_water,3,ind_definition,,,c04p0x003,VARCHAR,139,ind_definition,,,,,,
unsafe_water,4,reportyear,,,c04p0x004,VARCHAR,9,reportyear,,,,,,
unsafe_water,5,race_eth_code,,,c04p0x005,INTEGER,1,race_eth_code,,,,,,
unsafe_water,6,race_eth_name,,,c04p0x006,VARCHAR,9,race_eth_name,,,,,,
unsafe_water,7,geotype,,,c04p0x007,VARCHAR,2,geotype,,,,,,
unsafe_water,8,geotypevalue,,,c04p0x008,INTEGER64,10,geotypevalue,,,,,,
unsafe_water,9,geoname,,,c04p0x009,VARCHAR,36,geoname,,,,,,
unsafe_water,10,county_fips,,,c04p0x00a,INTEGER,4,county_fips,,,,,,
unsafe_water,11,county_name,,,c04p0x00b,VARCHAR,12,county_name,,,,,,
unsafe_water,12,region_code,,,c04p0x00c,INTEGER,2,region_code,,,,,,
unsafe_water,13,region_name,,,c04p0x00d,VARCHAR,26,region_name,,,,,,
unsafe_water,14,category,,,c04p0x00e,VARCHAR,8,category,,,,,,
unsafe_water,15,numerator,,,c04p0x00f,INTEGER,7,numerator,,,,,,
unsafe_water,16,denominator,,,c04p0x00g,INTEGER,8,denominator,,,,,,
unsafe_water,17,percent,,,c04p0x00h,REAL,,percent,,,,,,
unsafe_water,18,ll_95ci,,,c04p0x00i,REAL,,ll_95ci,,,,,,
unsafe_water,19,ul_95ci,,,c04p0x00j,REAL,,ul_95ci,,,,,,
unsafe_water,20,se,,,c04p0x00k,REAL,,se,,,,,,
unsafe_water,21,rse,,,c04p0x00l,VARCHAR,15,rse,,,,,,
unsafe_water,22,ca_decile,,,c04p0x00m,VARCHAR,3,ca_decile,,,,,,
unsafe_water,23,ca_rr,,,c04p0x00n,REAL,,ca_rr,,,,,,
unsafe_water,24,tot_pop,,,c04p0x00o,INTEGER,8,tot_pop,,,,,,
unsafe_water,25,coverage,,,c04p0x00p,REAL,,coverage,,,,,,
unsafe_water,26,version,,,c04p0x00q,REAL,,version,,,,,,
unsafe_water,27,gvid,,c03x04003,c04p0x00r,VARCHAR,6,gvid,c00109003,,,census.gov-index-counties:gvid,0.0.5:gvid,counties.gvid
,,,,,,,,,,,,,,
healthy_food,1,id,1,,t04p0y,INTEGER,,Access to healthy foods: retail food environment index,,,,,,
healthy_food,2,ind_id,,,c04p0y002,INTEGER,2,ind_id,,,,,,
healthy_food,3,ind_definition,,,c04p0y003,VARCHAR,38,ind_definition,,,,,,
healthy_food,4,reportyear,,,c04p0y004,INTEGER,4,reportyear,,,,,,
healthy_food,5,race_eth_name,,,c04p0y005,VARCHAR,9,race_eth_name,,,,,,
healthy_food,6,race_eth_code,,,c04p0y006,INTEGER,1,race_eth_code,,,,,,
healthy_food,7,geotype,,,c04p0y007,VARCHAR,2,geotype,,,,,,
healthy_food,8,geotypevalue,,,c04p0y008,INTEGER64,10,geotypevalue,,,,,,
healthy_food,9,geoname,,,c04p0y009,VARCHAR,36,geoname,,,,,,
healthy_food,10,county_name,,,c04p0y00a,VARCHAR,15,county_name,,,,,,
healthy_food,11,county_fips,,,c04p0y00b,INTEGER,4,county_fips,,,,,,
healthy_food,12,region_name,,,c04p0y00c,VARCHAR,26,region_name,,,,,,
healthy_food,13,region_code,,,c04p0y00d,VARCHAR,2,region_code,,,,,,
healthy_food,14,mrfei,,,c04p0y00e,REAL,,mrfei,,,,,,
healthy_food,15,ll95ci,,,c04p0y00f,VARCHAR,2,LL95CI,,,,,,
healthy_food,16,ul95ci,,,c04p0y00g,VARCHAR,2,UL95CI,,,,,,
healthy_food,17,se,,,c04p0y00h,VARCHAR,2,SE,,,,,,
healthy_food,18,rse,,,c04p0y00i,VARCHAR,2,RSE,,,,,,
healthy_food,19,ca_decile,,,c04p0y00j,VARCHAR,4,CA_decile,,,,,,
healthy_food,20,ca_rr,,,c04p0y00k,REAL,,CA_RR,,,,,,
healthy_food,21,pop00,,,c04p0y00l,INTEGER,8,pop00,,,,,,
healthy_food,22,version,,,c04p0y00m,REAL,,version,,,,,,
healthy_food,23,gvid,,c03x04003,c04p0y00n,VARCHAR,6,gvid,c00109003,,,census.gov-index-counties:gvid,0.0.5:gvid,counties.gvid
