table,seq,column,is_pk,is_fk,id,type,size,description,proto_vid,d_index,d_index_name,d_orig_proto_vid
perf_sum,1,id,1,,t04301,INTEGER,,Performance Summary,,,,
perf_sum,2,oshpd_id,,c04101002,c04301002,VARCHAR,11,OSHPD_ID,c0010k002,p041002009,oshpd.ca.gov-facilities-index-facilities_index-0.0.9:oshpd_id,oshpd_facilities.oshpd_id
perf_sum,3,year,,c04101003,c04301003,INTEGER,4,Year record was recorded,c0010k003,p041002009,oshpd.ca.gov-facilities-index-facilities_index-0.0.9:year,oshpd_facilities.year
perf_sum,5,medicare_id,,,c04301005,INTEGER,5,MEDICARE_ID,,,,
perf_sum,6,hospital_name,,,c04301006,VARCHAR,70,HOSPITAL NAME,,,,
perf_sum,7,patient_experience_hospital_rating,,,c04301007,VARCHAR,14,Patient Experience Hospital Rating,,,,
perf_sum,8,re_hosp_italizations_hospitalwide_readmission_rate,,,c04301008,VARCHAR,14,Re-hosp italizations Hospitalwide Readmission Rate,,,,
perf_sum,9,patient_safety_surgical_care_measures_composite,,,c04301009,VARCHAR,14,Patient Safety Surgical Care Measures Composite,,,,
perf_sum,10,patient_safety_unplanned_surgical_wound_reopening,,,c0430100a,VARCHAR,14,Patient Safety Unplanned Surgical Wound Reopening,,,,
perf_sum,11,patient_safety_death_after_serious_treatable_complication,,,c0430100b,VARCHAR,14,Patient Safety Death after Serious Treatable Complication,,,,
perf_sum,12,patient_safety_accidental_lung_puncture,,,c0430100c,VARCHAR,10,Patient Safety Accidental Lung Puncture,,,,
perf_sum,13,heart_attack_death_rate,,,c0430100d,VARCHAR,14,Heart Attack Death Rate,,,,
perf_sum,14,heart_attack_quality_of_care_composite,,,c0430100e,VARCHAR,14,Heart Attack Quality of Care Composite,,,,
perf_sum,15,heart_attack_timeliness_of_care_composite,,,c0430100f,VARCHAR,14,Heart Attack Timeliness of care Composite,,,,
perf_sum,16,heart_attack_readmission_rate,,,c0430100g,VARCHAR,14,Heart Attack Readmission Rate,,,,
perf_sum,17,heart_bypass_surgery_death_rate,,,c0430100h,VARCHAR,10,Heart Bypass Surgery Death Rate,,,,
perf_sum,18,heart_bypass_surgery_internal_mammary_artery_usage_rate,,,c0430100i,VARCHAR,10,Heart Bypass Surgery Internal Mammary Artery Usage Rate,,,,
perf_sum,19,heart_bypass_surgery_postoperative_stroke_rate,,,c0430100j,VARCHAR,10,Heart Bypass Surgery Postoperative Stroke Rate,,,,
perf_sum,20,heart_failure_death_rate,,,c0430100k,VARCHAR,14,Heart Failure Death Rate,,,,
perf_sum,21,heart_failure_quality_of_care,,,c0430100l,VARCHAR,14,Heart Failure Quality of Care,,,,
perf_sum,22,heart_failure_readmission_rate,,,c0430100m,VARCHAR,14,Heart Failure Readmission Rate,,,,
perf_sum,23,mother_baby_ntsv_c_section_rate,,,c0430100n,VARCHAR,14,Mother & Baby NTSV C-Section Rate,,,,
perf_sum,24,mother_baby_breastfeeding_rate,,,c0430100o,VARCHAR,14,Mother & Baby Breastfeeding Rate,,,,
perf_sum,25,mother_baby_episiotomy_rate,,,c0430100p,VARCHAR,14,Mother & Baby Episiotomy Rate,,,,
perf_sum,26,mother_baby_vbac_routinely_available,,,c0430100q,VARCHAR,14,Mother & Baby VBAC Routinely Available,,,,
perf_sum,27,lung_conditions_death_rate,,,c0430100r,VARCHAR,14,Lung Conditions Death Rate,,,,
perf_sum,28,lung_conditions_quality_of_care_composite,,,c0430100s,VARCHAR,14,Lung Conditions Quality of Care Composite,,,,
perf_sum,29,lung_conditions_readmission_rate,,,c0430100t,VARCHAR,14,Lung Conditions Readmission Rate,,,,
perf_sum,30,surgeries_other_conditions_abdominal_aortic_aneurysm_repair_number_of_cases,,,c0430100u,VARCHAR,17,Surgeries/Other Conditions Abdominal Aortic Aneurysm Repair - Number of Cases,,,,
perf_sum,31,surgeries_other_conditions_esophageal_resection_number_of_cases,,,c0430100v,VARCHAR,17,Surgeries/Other Conditions Esophageal Resection - Number of Cases,,,,
perf_sum,32,surgeries_other_conditions_pancreatic_resection_number_of_cases,,,c0430100w,VARCHAR,17,Surgeries/Other Conditions Pancreatic Resection - Number of Cases,,,,
perf_sum,33,surgeries_other_conditions_percutaneous_coronary_intervention_pci_number_of_cases,,,c0430100x,VARCHAR,17,Surgeries/Other Conditions Percutaneous coronary intervention (PCI) - Number of Cases,,,,
perf_sum,34,surgeries_other_conditions_acute_stroke_mortality,,,c0430100y,VARCHAR,10,Surgeries/Other Conditions Acute Stroke - Mortality,,,,
perf_sum,35,surgeries_other_conditions_craniotomy_mortality_rate,,,c0430100z,VARCHAR,10,Surgeries/Other Conditions Craniotomy - Mortality Rate,,,,
perf_sum,36,surgeries_other_conditions_gastrointestinal_hemorrhage_mortality_rate,,,c0430100A,VARCHAR,10,Surgeries/Other Conditions Gastrointestinal Hemorrhage - Mortality Rate,,,,
perf_sum,37,surgeries_other_conditions_hip_fracture_mortality_rate,,,c0430100B,VARCHAR,10,Surgeries/Other Conditions Hip Fracture Mortality Rate,,,,
perf_sum,38,surgeries_other_conditions_hip_or_knee_surgery_readmission_rate,,,c0430100C,VARCHAR,14,Surgeries/Other Conditions Hip or Knee Surgery Readmission Rate,,,,
perf_sum,39,surgeries_other_conditions_hip_or_knee_surgery_complication_rate,,,c0430100D,VARCHAR,14,Surgeries/Other Conditions Hip or Knee Surgery Complication Rate,,,,
,,,,,,,,,,,,
measures,1,id,1,,t04302,INTEGER,,Measure Characteristics,,,,
measures,2,oshpd_id,,c04101002,c04302002,VARCHAR,,9 Digit full OSHPD Facility number,c0010k002,p041002009,oshpd.ca.gov-facilities-index-facilities_index-0.0.9:oshpd_id,oshpd_facilities.oshpd_id
measures,3,year,,c04101003,c04302003,INTEGER,4,Year record was recorded,c0010k003,p041002009,oshpd.ca.gov-facilities-index-facilities_index-0.0.9:year,oshpd_facilities.year
measures,4,domain,,,c04302004,VARCHAR,19,Domain,,,,
measures,5,measure_description,,,c04302005,VARCHAR,103,Measure Description,,,,
measures,6,data_source,,,c04302006,VARCHAR,21,Data Source,,,,
measures,7,measure_from_date,,,c04302007,INTEGER,5,Measure from Date,,,,
measures,8,measure_thru_date,,,c04302008,INTEGER,5,Measure thru Date,,,,
measures,9,lower_is_better,,,c04302009,VARCHAR,2,Lower is Better,,,,
measures,10,national_average,,,c0430200a,REAL,,National Average,,,,
measures,11,state_average,,,c0430200b,REAL,,State Average,,,,
,,,,,,,,,,,,
readmissions,1,id,1,,t04303,INTEGER,,Readmissions,,,,
readmissions,2,oshpd_id,,c04101002,c04303002,VARCHAR,11,OSHPD_ID,c0010k002,p041002009,oshpd.ca.gov-facilities-index-facilities_index-0.0.9:oshpd_id,oshpd_facilities.oshpd_id
readmissions,3,year,,c04101003,c04303003,INTEGER,4,Year record was recorded,c0010k003,p041002009,oshpd.ca.gov-facilities-index-facilities_index-0.0.9:year,oshpd_facilities.year
readmissions,5,medicare_id,,,c04303005,INTEGER,5,MEDICARE_ID,,,,
readmissions,6,hospital_name,,,c04303006,VARCHAR,70,HOSPITAL NAME,,,,
readmissions,7,hospitalwide_readmission_rate_denominator,,,c04303007,INTEGER,5,Hospitalwide Readmission Rate Denominator,,,,
readmissions,8,hospitalwide_readmission_rate_score,,,c04303008,REAL,,Hospitalwide Readmission Rate Score [%],,,,
readmissions,9,hospitalwide_readmission_rate_rating,,,c04303009,VARCHAR,13,Hospitalwide Readmission Rate Rating,,,,
,,,,,,,,,,,,
experience,1,id,1,,t04304,INTEGER,,Patient Experience,,,,
experience,2,oshpd_id,,c04101002,c04304002,VARCHAR,11,OSHPD_ID,c0010k002,p041002009,oshpd.ca.gov-facilities-index-facilities_index-0.0.9:oshpd_id,oshpd_facilities.oshpd_id
experience,3,year,,c04101003,c04304003,INTEGER,4,Year record was recorded,c0010k003,p041002009,oshpd.ca.gov-facilities-index-facilities_index-0.0.9:year,oshpd_facilities.year
experience,5,medicare_id,,,c04304005,INTEGER,5,MEDICARE_ID,,,,
experience,6,hospital_name,,,c04304006,VARCHAR,70,HOSPITAL NAME,,,,
experience,7,hospital_rating_denominator,,,c04304007,VARCHAR,20,Hospital Rating Denominator,,,,
experience,8,hospital_rating_score,,,c04304008,INTEGER,2,Hospital Rating Score [%],,,,
experience,9,hospital_rating_rating,,,c04304009,VARCHAR,14,Hospital Rating Rating,,,,
experience,10,would_recommend_hospital_score,,,c0430400a,INTEGER,2,Would Recommend Hospital Score [%],,,,
experience,11,received_information_and_education_score,,,c0430400b,INTEGER,2,Received information and education Score [%],,,,
experience,12,nurses_communicated_well_score,,,c0430400c,INTEGER,2,Nurses communicated well Score [%],,,,
experience,13,doctors_communicated_well_score,,,c0430400d,INTEGER,3,Doctors communicated well Score [%],,,,
experience,14,help_received_score,,,c0430400e,INTEGER,2,Help received Score [%],,,,
experience,15,pain_well_controlled_score,,,c0430400f,INTEGER,2,Pain well controlled Score [%],,,,
experience,16,staff_explained_medicine_score,,,c0430400g,INTEGER,2,Staff explained medicine Score [%],,,,
experience,17,patient_room_and_bathroom_was_clean_score,,,c0430400h,INTEGER,2,Patient room and bathroom was clean Score [%],,,,
experience,18,quiet_at_night_score,,,c0430400i,INTEGER,3,Quiet at night Score [%],,,,
,,,,,,,,,,,,
motherbaby,1,id,1,,t04305,INTEGER,,Mother and Baby,,,,
motherbaby,2,oshpd_id,,c04101002,c04305002,VARCHAR,11,OSHPD_ID,c0010k002,p041002009,oshpd.ca.gov-facilities-index-facilities_index-0.0.9:oshpd_id,oshpd_facilities.oshpd_id
motherbaby,3,year,,c04101003,c04305003,INTEGER,4,Year record was recorded,c0010k003,p041002009,oshpd.ca.gov-facilities-index-facilities_index-0.0.9:year,oshpd_facilities.year
motherbaby,5,medicare_id,,,c04305005,INTEGER,5,MEDICARE_ID,,,,
motherbaby,6,hospital_name,,,c04305006,VARCHAR,70,HOSPITAL NAME,,,,
motherbaby,7,ntsv_c_section_rate_denominator,,,c04305007,INTEGER,4,NTSV C-Section Rate Denominator,,,,
motherbaby,8,ntsv_c_section_rate_score,,,c04305008,REAL,,NTSV C-Section Rate Score [%],,,,
motherbaby,9,ntsv_c_section_rate_rating,,,c04305009,VARCHAR,14,NTSV C-Section Rate Rating,,,,
motherbaby,10,breastfeeding_rate_denominator,,,c0430500a,INTEGER,4,Breastfeeding Rate Denominator,,,,
motherbaby,11,breastfeeding_rate_score,,,c0430500b,REAL,,Breastfeeding Rate Score [%],,,,
motherbaby,12,breastfeeding_rate_rating,,,c0430500c,VARCHAR,14,Breastfeeding Rate Rating,,,,
motherbaby,13,episiotomy_rate_denominator,,,c0430500d,INTEGER,4,Episiotomy Rate Denominator,,,,
motherbaby,14,episiotomy_rate_score,,,c0430500e,REAL,,Episiotomy Rate Score [%],,,,
motherbaby,15,episiotomy_rate_rating,,,c0430500f,VARCHAR,14,Episiotomy Rate Rating,,,,
motherbaby,16,vbac_rate_denominator,,,c0430500g,INTEGER,4,VBAC Rate Denominator,,,,
motherbaby,17,vbac_rate_score,,,c0430500h,REAL,,VBAC Rate Score [%],,,,
motherbaby,18,vbac_routinely_available_yes_no,,,c0430500i,VARCHAR,3,VBAC Routinely Available Yes/No,,,,
,,,,,,,,,,,,
other,1,id,1,,t04306,INTEGER,,Other Conditions,,,,
other,2,oshpd_id,,c04101002,c04306002,VARCHAR,11,OSHPD_ID,c0010k002,p041002009,oshpd.ca.gov-facilities-index-facilities_index-0.0.9:oshpd_id,oshpd_facilities.oshpd_id
other,3,year,,c04101003,c04306003,INTEGER,4,Year record was recorded,c0010k003,p041002009,oshpd.ca.gov-facilities-index-facilities_index-0.0.9:year,oshpd_facilities.year
other,5,medicare_id,,,c04306005,INTEGER,5,MEDICARE_ID,,,,
other,6,hospital_name,,,c04306006,VARCHAR,70,HOSPITAL NAME,,,,
other,7,abdominal_aortic_aneurysm_repair_death_rate_number_of_cases,,,c04306007,INTEGER,2,Abdominal Aortic Aneurysm Repair Death Rate Number of Cases,,,,
other,8,abdominal_aortic_aneurysm_repair_death_rate_rating,,,c04306008,VARCHAR,17,Abdominal Aortic Aneurysm Repair Death Rate Rating,,,,
other,9,abdominal_aortic_aneurysm_repair_death_rate_score,,,c04306009,REAL,,Abdominal Aortic Aneurysm Repair Death Rate Score [%],,,,
other,10,esophageal_resection_death_rate_number_of_cases,,,c0430600a,VARCHAR,4,Esophageal Resection Death Rate Number of Cases,,,,
other,11,esophageal_resection_death_rate_rating,,,c0430600b,VARCHAR,17,Esophageal Resection Death Rate Rating,,,,
other,12,esophageal_resection_death_rate_score,,,c0430600c,VARCHAR,4,Esophageal Resection Death Rate Score [%],,,,
other,13,pancreatic_resection_death_rate_number_of_cases,,,c0430600d,VARCHAR,4,Pancreatic Resection Death Rate Number of Cases,,,,
other,14,pancreatic_resection_death_rate_rating,,,c0430600e,VARCHAR,17,Pancreatic Resection Death Rate Rating,,,,
other,15,pancreatic_resection_death_rate_score,,,c0430600f,VARCHAR,4,Pancreatic Resection Death Rate Score [%],,,,
other,16,percutaneous_coronary_intervention_pci_death_rate_number_of_cases,,,c0430600g,INTEGER,4,Percutaneous coronary intervention (PCI) - Death Rate Number of Cases,,,,
other,17,percutaneous_coronary_intervention_pci_death_rate_rating,,,c0430600h,VARCHAR,17,Percutaneous coronary intervention (PCI) - Death Rate Rating,,,,
other,18,percutaneous_coronary_intervention_pci_death_rate_score,,,c0430600i,REAL,,Percutaneous coronary intervention (PCI) - Death Rate Score [%],,,,
other,19,acute_stroke_death_rate_denominator,,,c0430600j,INTEGER,3,Acute Stroke Death Rate Denominator,,,,
other,20,acute_stroke_death_rate_score,,,c0430600k,REAL,,Acute Stroke Death Rate Score [%],,,,
other,21,acute_stroke_death_rate_rating,,,c0430600l,VARCHAR,10,Acute Stroke Death Rate Rating,,,,
other,22,craniotomy_death_rate_denominator,,,c0430600m,INTEGER,4,Craniotomy Death Rate Denominator,,,,
other,23,craniotomy_death_rate_score,,,c0430600n,REAL,,Craniotomy Death Rate Score [%],,,,
other,24,craniotomy_death_rate_rating,,,c0430600o,VARCHAR,10,Craniotomy Death Rate Rating,,,,
other,25,gastrointestinal_hemorrhage_death_rate_denominator,,,c0430600p,INTEGER,3,Gastrointestinal Hemorrhage Death Rate Denominator,,,,
other,26,gastrointestinal_hemorrhage_death_rate_score,,,c0430600q,REAL,,Gastrointestinal Hemorrhage Death Rate Score [%],,,,
other,27,gastrointestinal_hemorrhage_death_rate_rating,,,c0430600r,VARCHAR,10,Gastrointestinal Hemorrhage Death Rate Rating,,,,
other,28,hip_fracture_death_rate_denominator,,,c0430600s,INTEGER,3,Hip Fracture Death Rate Denominator,,,,
other,29,hip_fracture_death_rate_score,,,c0430600t,REAL,,Hip Fracture Death Rate Score [%],,,,
other,30,hip_fracture_death_rate_rating,,,c0430600u,VARCHAR,10,Hip Fracture Death Rate Rating,,,,
other,31,hip_or_knee_surgery_readmission_rate_denominator,,,c0430600v,INTEGER,4,Hip or Knee Surgery Readmission Rate Denominator,,,,
other,32,hip_or_knee_surgery_readmission_rate_score,,,c0430600w,REAL,,Hip or Knee Surgery Readmission Rate Score [%],,,,
other,33,hip_or_knee_surgery_readmission_rate_rating,,,c0430600x,VARCHAR,14,Hip or Knee Surgery Readmission Rate Rating,,,,
other,34,hip_or_knee_surgery_complication_rate_denominator,,,c0430600y,INTEGER,4,Hip or Knee Surgery Complication Rate Denominator,,,,
other,35,hip_or_knee_surgery_complication_rate_score,,,c0430600z,REAL,,Hip or Knee Surgery Complication Rate Score [%],,,,
other,36,hip_or_knee_surgery_complication_rate_rating,,,c0430600A,VARCHAR,13,Hip or Knee Surgery Complication Rate Rating,,,,
,,,,,,,,,,,,
lung,1,id,1,,t04307,INTEGER,,Lung Conditions,,,,
lung,2,oshpd_id,,c04101002,c04307002,VARCHAR,11,OSHPD_ID,c0010k002,p041002009,oshpd.ca.gov-facilities-index-facilities_index-0.0.9:oshpd_id,oshpd_facilities.oshpd_id
lung,3,year,,c04101003,c04307003,INTEGER,4,Year record was recorded,c0010k003,p041002009,oshpd.ca.gov-facilities-index-facilities_index-0.0.9:year,oshpd_facilities.year
lung,5,medicare_id,,,c04307005,INTEGER,5,MEDICARE_ID,,,,
lung,6,hospital_name,,,c04307006,VARCHAR,70,HOSPITAL NAME,,,,
lung,7,pneumonia_death_rate_denominator,,,c04307007,INTEGER,4,Pneumonia Death Rate Denominator,,,,
lung,8,pneumonia_death_rate_score,,,c04307008,REAL,,Pneumonia Death Rate Score [%],,,,
lung,9,pneumonia_death_rate_rating,,,c04307009,VARCHAR,14,Pneumonia Death Rate Rating,,,,
lung,10,quality_of_care_composite_score,,,c0430700a,INTEGER,3,Quality of Care Composite Score [%],,,,
lung,11,quality_of_care_composite_rating,,,c0430700b,VARCHAR,14,Quality of Care Composite Rating,,,,
lung,12,blood_culture_taken_before_antiobiotics_administered_denominator,,,c0430700c,INTEGER,3,Blood Culture taken before antiobiotics administered Denominator,,,,
lung,13,blood_culture_taken_before_antiobiotics_administered_score,,,c0430700d,INTEGER,3,Blood Culture taken before antiobiotics administered Score [%],,,,
lung,14,initial_antibiotic_consistenet_with_current_recommendations_denominator,,,c0430700e,INTEGER,3,Initial antibiotic consistenet with current recommendations Denominator,,,,
lung,15,initial_antibiotic_consistenet_with_current_recommendations_score,,,c0430700f,INTEGER,3,Initial antibiotic consistenet with current recommendations Score [%],,,,
lung,16,pneumonia_readmission_rate_denominator,,,c0430700g,INTEGER,4,Pneumonia Readmission Rate Denominator,,,,
lung,17,pneumonia_readmission_rate_score,,,c0430700h,REAL,,Pneumonia Readmission Rate Score [%],,,,
lung,18,pneumonia_readmission_rate_rating,,,c0430700i,VARCHAR,13,Pneumonia Readmission Rate Rating,,,,
,,,,,,,,,,,,
heartcond,1,id,1,,t04308,INTEGER,,Heart Conditions,,,,
heartcond,2,oshpd_id,,c04101002,c04308002,VARCHAR,11,OSHPD_ID,c0010k002,p041002009,oshpd.ca.gov-facilities-index-facilities_index-0.0.9:oshpd_id,oshpd_facilities.oshpd_id
heartcond,3,year,,c04101003,c04308003,INTEGER,4,Year record was recorded,c0010k003,p041002009,oshpd.ca.gov-facilities-index-facilities_index-0.0.9:year,oshpd_facilities.year
heartcond,5,medicare_id,,,c04308005,INTEGER,5,MEDICARE_ID,,,,
heartcond,6,hospital_name,,,c04308006,VARCHAR,70,HOSPITAL NAME,,,,
heartcond,7,death_rate_denominator,,,c04308007,INTEGER,4,Death Rate Denominator,,,,
heartcond,8,death_rate_score,,,c04308008,REAL,,Death Rate Score [%],,,,
heartcond,9,death_rate_rating,,,c04308009,VARCHAR,14,Death Rate Rating,,,,
heartcond,10,quality_of_care_composite_score,,,c0430800a,INTEGER,3,Quality of Care Composite Score [%],,,,
heartcond,11,quality_of_care_composite_rating,,,c0430800b,VARCHAR,14,Quality of Care Composite Rating,,,,
heartcond,12,aspirin_prescribed_at_discharge_denominator,,,c0430800c,INTEGER,4,Aspirin prescribed at discharge Denominator,,,,
heartcond,13,aspirin_prescribed_at_discharge_score,,,c0430800d,INTEGER,3,Aspirin prescribed at discharge Score [%],,,,
heartcond,14,statins_prescribed_at_discharge_denominator,,,c0430800e,INTEGER,4,Statins prescribed at discharge Denominator,,,,
heartcond,15,statins_prescribed_at_discharge_score,,,c0430800f,INTEGER,3,Statins prescribed at discharge Score [%],,,,
heartcond,16,timeliness_of_care_composite_score,,,c0430800g,INTEGER,3,Timeliness of Care Composite Score [%],,,,
heartcond,17,timeliness_of_care_composite_rating,,,c0430800h,VARCHAR,14,Timeliness of Care Composite Rating,,,,
heartcond,18,anti_clotting_therapy_within_30_minutes_denominator,,,c0430800i,VARCHAR,2,Anti-clotting therapy within 30 minutes Denominator,,,,
heartcond,19,anti_clotting_therapy_within_30_minutes_score,,,c0430800j,VARCHAR,2,Anti-clotting therapy within 30 minutes Score [%],,,,
heartcond,20,pci_within_90_minutes_denominator,,,c0430800k,INTEGER,3,PCI within 90 minutes Denominator,,,,
heartcond,21,pci_within_90_minutes_score,,,c0430800l,INTEGER,3,PCI within 90 minutes Score [%],,,,
heartcond,22,readmission_rate_denominator,,,c0430800m,INTEGER,4,Readmission Rate Denominator,,,,
heartcond,23,readmission_rate_score,,,c0430800n,REAL,,Readmission Rate Score [%],,,,
heartcond,24,readmission_rate_rating,,,c0430800o,VARCHAR,14,Readmission Rate Rating,,,,
heartcond,25,internal_mammary_artery_usage_rate_denominator,,,c0430800p,INTEGER,3,Internal Mammary Artery Usage Rate Denominator,,,,
heartcond,26,internal_mammary_artery_usage_rate_score,,,c0430800q,REAL,,Internal Mammary Artery Usage Rate Score [%],,,,
heartcond,27,internal_mammary_artery_usage_rate_rating,,,c0430800r,VARCHAR,10,Internal Mammary Artery Usage Rate Rating,,,,
heartcond,28,postoperative_stroke_rate_denominator,,,c0430800s,INTEGER,4,Postoperative Stroke Rate Denominator,,,,
heartcond,29,postoperative_stroke_rate_score,,,c0430800t,REAL,,Postoperative Stroke Rate Score [%],,,,
heartcond,30,postoperative_stroke_rate_rating,,,c0430800u,VARCHAR,10,Postoperative Stroke Rate Rating,,,,
heartcond,31,severity_of_heart_failure_evaluated_denominator,,,c0430800v,INTEGER,4,Severity of heart failure evaluated Denominator,,,,
heartcond,32,severity_of_heart_failure_evaluated_score,,,c0430800w,INTEGER,3,Severity of heart failure evaluated Score [%],,,,
heartcond,33,clear_instructions_given_prior_to_discharge_denominator,,,c0430800x,INTEGER,3,Clear instructions given prior to discharge Denominator,,,,
heartcond,34,clear_instructions_given_prior_to_discharge_score,,,c0430800y,INTEGER,3,Clear instructions given prior to discharge Score [%],,,,
heartcond,35,ace_arbs_given_denominator,,,c0430800z,INTEGER,3,ACE/ARBs given Denominator,,,,
heartcond,36,ace_arbs_given_score,,,c0430800A,INTEGER,3,ACE/ARBs given Score [%],,,,
,,,,,,,,,,,,
edcare,1,id,1,,t04309,INTEGER,,ED Care,,,,
edcare,2,oshpd_id,,c04101002,c04309002,VARCHAR,11,OSHPD_ID,c0010k002,p041002009,oshpd.ca.gov-facilities-index-facilities_index-0.0.9:oshpd_id,oshpd_facilities.oshpd_id
edcare,3,year,,c04101003,c04309003,INTEGER,4,Year record was recorded,c0010k003,p041002009,oshpd.ca.gov-facilities-index-facilities_index-0.0.9:year,oshpd_facilities.year
edcare,5,medicare_id,,,c04309005,INTEGER,5,MEDICARE_ID,,,,
edcare,6,hospital_name,,,c04309006,VARCHAR,70,HOSPITAL NAME,,,,
edcare,7,time_in_ed_before_being_admitted_denominator,,,c04309007,INTEGER,4,Time in ED before being admitted Denominator,,,,
edcare,8,time_in_ed_before_being_admitted_score_minutes,,,c04309008,INTEGER,3,Time in ED before being admitted Score [minutes],,,,
edcare,9,time_in_ed_before_being_sent_home_denominator,,,c04309009,INTEGER,5,Time in ED before being sent home Denominator,,,,
edcare,10,time_in_ed_before_being_sent_home_score_minutes,,,c0430900a,INTEGER,3,Time in ED before being sent home Score [minutes],,,,
edcare,11,time_in_ed_before_being_seen_denominator,,,c0430900b,INTEGER,5,Time in ED before being seen Denominator,,,,
edcare,12,time_in_ed_before_being_seen_score_minutes,,,c0430900c,INTEGER,3,Time in ED before being seen Score [minutes],,,,
edcare,13,patients_who_left_ed_without_being_seen_denominator,,,c0430900d,INTEGER,6,Patients who left ED without being seen Denominator,,,,
edcare,14,patients_who_left_ed_without_being_seen_score,,,c0430900e,INTEGER,2,Patients who left ED without being seen Score [%],,,,
,,,,,,,,,,,,
safety,1,id,1,,t0430a,INTEGER,,Patient Safety,,,,
safety,2,oshpd_id,,c04101002,c0430a002,VARCHAR,11,OSHPD_ID,c0010k002,p041002009,oshpd.ca.gov-facilities-index-facilities_index-0.0.9:oshpd_id,oshpd_facilities.oshpd_id
safety,3,year,,c04101003,c0430a003,INTEGER,4,Year record was recorded,c0010k003,p041002009,oshpd.ca.gov-facilities-index-facilities_index-0.0.9:year,oshpd_facilities.year
safety,5,medicare_id,,,c0430a005,INTEGER,5,MEDICARE_ID,,,,
safety,6,hospital_name,,,c0430a006,VARCHAR,70,HOSPITAL NAME,,,,
safety,7,surgical_care_measures_composite_score,,,c0430a007,INTEGER,3,Surgical Care Measures Composite Score [%],,,,
safety,8,surgical_care_measures_composite_rating,,,c0430a008,VARCHAR,14,Surgical Care Measures Composite Rating,,,,
safety,9,appropriate_timing_of_antibiotic_denominator,,,c0430a009,INTEGER,4,Appropriate timing of antibiotic Denominator,,,,
safety,10,appropriate_timing_of_antibiotic_score,,,c0430a00a,INTEGER,3,Appropriate timing of antibiotic Score [%],,,,
safety,11,use_of_appropriate_antibiotic_denominator,,,c0430a00b,INTEGER,4,Use of appropriate antibiotic Denominator,,,,
safety,12,use_of_appropriate_antibiotic_score,,,c0430a00c,INTEGER,3,Use of appropriate antibiotic Score [%],,,,
safety,13,appropriate_discontinuation_of_antibiotic_denominator,,,c0430a00d,INTEGER,4,Appropriate discontinuation of antibiotic Denominator,,,,
safety,14,appropriate_discontinuation_of_antibiotic_score,,,c0430a00e,INTEGER,3,Appropriate discontinuation of antibiotic Score [%],,,,
safety,15,urinary_catheter_removed_denominator,,,c0430a00f,INTEGER,4,Urinary catheter removed Denominator,,,,
safety,16,urinary_catheter_removed_score,,,c0430a00g,INTEGER,3,Urinary catheter removed Score [%],,,,
safety,17,blood_clot_prevention_denominator,,,c0430a00h,INTEGER,4,Blood-clot prevention Denominator,,,,
safety,18,blood_clot_prevention_score,,,c0430a00i,INTEGER,3,Blood-clot prevention Score [%],,,,
safety,19,beta_blockers_continued_denominator,,,c0430a00j,INTEGER,4,Beta-blockers continued Denominator,,,,
safety,20,beta_blockers_continued_score,,,c0430a00k,INTEGER,3,Beta-blockers continued Score [%],,,,
safety,21,unplanned_surgical_wound_reopening_denominator,,,c0430a00l,VARCHAR,3,Unplanned Surgical Wound Reopening Denominator,,,,
safety,22,unplanned_surgical_wound_reopening_score,,,c0430a00m,REAL,,Unplanned Surgical Wound Reopening Score [%],,,,
safety,23,unplanned_surgical_wound_reopening_rating,,,c0430a00n,VARCHAR,14,Unplanned Surgical Wound Reopening Rating,,,,
safety,24,death_after_serious_treatable_complication_denominator,,,c0430a00o,VARCHAR,3,Death after Serious Treatable Complication Denominator,,,,
safety,25,death_after_serious_treatable_complication_score,,,c0430a00p,REAL,,Death after Serious Treatable Complication Score [%],,,,
safety,26,death_after_serious_treatable_complication_rating,,,c0430a00q,VARCHAR,14,Death after Serious Treatable Complication Rating,,,,
safety,27,accidental_lung_puncture_denominator,,,c0430a00r,VARCHAR,3,Accidental Lung Puncture Denominator,,,,
safety,28,accidental_lung_puncture_score,,,c0430a00s,REAL,,Accidental Lung Puncture Score [%],,,,
safety,29,accidental_lung_puncture_rating,,,c0430a00t,VARCHAR,9,Accidental Lung Puncture Rating,,,,
,,,,,,,,,,,,
hospitals,1,id,1,,t0430b,INTEGER,,Hospital Characteristics,,,,
hospitals,2,oshpd_id,,c04101002,c0430b002,VARCHAR,11,OSHPD ID,c0010k002,p041002009,oshpd.ca.gov-facilities-index-facilities_index-0.0.9:oshpd_id,oshpd_facilities.oshpd_id
hospitals,3,year,,c04101003,c0430b003,INTEGER,4,Year record was recorded,c0010k003,p041002009,oshpd.ca.gov-facilities-index-facilities_index-0.0.9:year,oshpd_facilities.year
hospitals,5,cms_id,,,c0430b005,INTEGER,5,CMS ID,,,,
hospitals,6,hospital_name,,,c0430b006,VARCHAR,70,Hospital Name,,,,
hospitals,7,address,,,c0430b007,VARCHAR,29,Address,,,,
hospitals,8,city,,,c0430b008,VARCHAR,20,City,,,,
hospitals,9,state,,,c0430b009,VARCHAR,3,State,,,,
hospitals,10,zip_code,,,c0430b00a,INTEGER,5,Zip Code,,,,
hospitals,11,phone,,,c0430b00b,VARCHAR,15,Phone,,,,
hospitals,12,website,,,c0430b00c,VARCHAR,87,Website,,,,
