table,seq,column,is_pk,is_fk,id,type,size,description,proto_vid,derivedfrom,d_aggvar,d_index,d_orig_proto_vid
pdd_summary_mdc,1,id,1,,t03W01,INTEGER,,"Patient Discharge counts, aggregated on the mdc variable",,,,,
pdd_summary_mdc,2,oshpd_id,,c04101002,c03W01002,VARCHAR,6,"Hospital Identification Number. A unique six-digit identifier assigned to each facility by the Office of Statewide Health Planning and Development. The first two digits indicate the county in which the facility is located. The last four digits are unique within each county. Appendix F - Counts by Facility (Discharges) (PDD) lists facility ID number, name, and number of discharges.",c0010k002,,,oshpd.ca.gov-facilities-index-facilities_index-0.0.1:oshpd_id,oshpd_facility.oshpd_id
pdd_summary_mdc,3,year,,,c03W01003,INTEGER,4,Discharge Year. The year the patient was discharged.,c0010k003,,,,oshpd_facility.year
pdd_summary_mdc,4,mdc,,,c03W01004,VARCHAR,2,"Major Diagnostic Category (MDC). MDC code (for example, 22). The Major Diagnostic Categories (MDC) are formed by dividing all possible principal diagnoses (from ICD-9) into 25 mutually exclusive diagnosis groupings. The diagnoses in each MDC correspond to a single organ system or etiology and, in general, are associated with a particular medical specialty. MDC 1 to MDC 23 are grouped according to principal diagnosis. Patients are assigned to MDC 24 (Multiple Significant Trauma) with at least two significant trauma diagnosis codes (either as principal or secondary) from different body site categories. Patients assigned to MDC 25 (HIV Infections) must have a principal diagnosis of an HIV Infection or a principal diagnosis of a significant HIV related condition and a secondary diagnosis of an HIV Infection. Some discharges are associated with procedures that are resource intensive and may be associated with multiple diagnosis domains (for example, transplants, MS-DRG 001-017), or procedures that are unrelated to the principal diagnosis (MS-DRG 981-989). These records are assigned to a variety of MDCs, based on the principal diagnosis instead of the MDC associated with the designated DRG. A MDC of 00 is assigned to records that are ungroupable. Ungroupable records include those where the principal diagnosis is not an existing ICD-9-CM code or the sex code does not logically relate to the diagnosis or procedure. For a list of MDC codes and labels see Appendix I - Major Diagnostic Categories (MDC). Note that MDC codes and their associated labels potentially change across years and year-specific code-label crosswalk lists must be used.",c03V0200l,,1,,
pdd_summary_mdc,5,count,,,c03W01005,INTEGER,4,Count of records,,c03V0200l,,,
,,,,,,,,,,,,,
pdd_summary_msdrg,1,id,1,,t03W02,INTEGER,,"Patient Discharge counts, aggregated on the msdrg variable",,,,,
pdd_summary_msdrg,2,oshpd_id,,c04101002,c03W02002,VARCHAR,6,"Hospital Identification Number. A unique six-digit identifier assigned to each facility by the Office of Statewide Health Planning and Development. The first two digits indicate the county in which the facility is located. The last four digits are unique within each county. Appendix F - Counts by Facility (Discharges) (PDD) lists facility ID number, name, and number of discharges.",c0010k002,,,oshpd.ca.gov-facilities-index-facilities_index-0.0.1:oshpd_id,oshpd_facility.oshpd_id
pdd_summary_msdrg,3,year,,,c03W02003,INTEGER,4,Discharge Year. The year the patient was discharged.,c0010k003,,,,oshpd_facility.year
pdd_summary_msdrg,4,msdrg,,,c03W02004,VARCHAR,3,"Medicare Severity-Diagnosis Related Group (MS-DRG). MS-DRG code (for example, 028). One MS-DRG is assigned to each inpatient stay. The MS-DRGs are assigned using the principal diagnosis and additional diagnoses, the principal procedure and additional procedures, sex, and discharge status. For a list of MS-DRG codes and labels see Appendix J - Medicare Severity-Diagnosis Related Groups (MS-DRG). Also see the MS-DRG Grouper Version variable (grouper).",c03V0200m,,1,,
pdd_summary_msdrg,5,count,,,c03W02005,INTEGER,4,Count of records,,c03V0200m,,,
,,,,,,,,,,,,,
pdd_summary_diag_p,1,id,1,,t03W03,INTEGER,,"Patient Discharge counts, aggregated on the diag_p variable",,,,,
pdd_summary_diag_p,2,oshpd_id,,c04101002,c03W03002,VARCHAR,6,"Hospital Identification Number. A unique six-digit identifier assigned to each facility by the Office of Statewide Health Planning and Development. The first two digits indicate the county in which the facility is located. The last four digits are unique within each county. Appendix F - Counts by Facility (Discharges) (PDD) lists facility ID number, name, and number of discharges.",c0010k002,,,oshpd.ca.gov-facilities-index-facilities_index-0.0.1:oshpd_id,oshpd_facility.oshpd_id
pdd_summary_diag_p,3,year,,,c03W03003,INTEGER,4,Discharge Year. The year the patient was discharged.,c0010k003,,,,oshpd_facility.year
pdd_summary_diag_p,4,diag_p,,,c03W03004,VARCHAR,5,"Principal Diagnosis. The condition established, after study, to be the chief cause of the admission of the patient to the hospital for care. Diagnoses are coded according to the ICD-9-CM.",c03V0200n,,1,,
pdd_summary_diag_p,5,count,,,c03W03005,INTEGER,4,Count of records,,c03V0200n,,,
,,,,,,,,,,,,,
pdd_summary_poa_p,1,id,1,,t03W04,INTEGER,,"Patient Discharge counts, aggregated on the poa_p variable",,,,,
pdd_summary_poa_p,2,oshpd_id,,c04101002,c03W04002,VARCHAR,6,"Hospital Identification Number. A unique six-digit identifier assigned to each facility by the Office of Statewide Health Planning and Development. The first two digits indicate the county in which the facility is located. The last four digits are unique within each county. Appendix F - Counts by Facility (Discharges) (PDD) lists facility ID number, name, and number of discharges.",c0010k002,,,oshpd.ca.gov-facilities-index-facilities_index-0.0.1:oshpd_id,oshpd_facility.oshpd_id
pdd_summary_poa_p,3,year,,,c03W04003,INTEGER,4,Discharge Year. The year the patient was discharged.,c0010k003,,,,oshpd_facility.year
pdd_summary_poa_p,4,poa_p,,,c03W04004,VARCHAR,25,"Present on Admission (POA)  Principal Diagnosis. A condition is considered present on admission (POA) if it is identified in the history and physical examination or documented in the current inpatient medical records (e.g., emergency room, initial progress, initial nursing assessment, clinic/office notes). Facilities were required to begin POA reporting for all discharges on or after July 1, 2008.",c03V0200o,,1,,
pdd_summary_poa_p,5,count,,,c03W04005,INTEGER,5,Count of records,,c03V0200o,,,
,,,,,,,,,,,,,
pdd_mdc_00,1,id,1,,t03W05,INTEGER,,"MSDRGs counts per hosiptal, per year, for MDC 00",,,,,
pdd_mdc_00,2,oshpd_id,,,c03W05002,VARCHAR,,OSHPD facility id,,,,,
pdd_mdc_00,3,year,,,c03W05003,INTEGER,,Year of discharge,c00102003,,,,dates.year
pdd_mdc_00,4,msdrg_999,,,c03W05004,INTEGER,,Counts for MS-DRG 999,,,,,
,,,,,,,,,,,,,
pdd_mdc_01,1,id,1,,t03W06,INTEGER,,"MSDRGs counts per hosiptal, per year, for MDC 01",,,,,
pdd_mdc_01,2,oshpd_id,,,c03W06002,VARCHAR,,OSHPD facility id,,,,,
pdd_mdc_01,3,year,,,c03W06003,INTEGER,,Year of discharge,c00102003,,,,dates.year
pdd_mdc_01,4,msdrg_003,,,c03W06004,INTEGER,,Counts for MS-DRG 003,,,,,
pdd_mdc_01,5,msdrg_004,,,c03W06005,INTEGER,,Counts for MS-DRG 004,,,,,
pdd_mdc_01,6,msdrg_014,,,c03W06006,INTEGER,,Counts for MS-DRG 014,,,,,
pdd_mdc_01,7,msdrg_016,,,c03W06007,INTEGER,,Counts for MS-DRG 016,,,,,
pdd_mdc_01,8,msdrg_020,,,c03W06008,INTEGER,,Counts for MS-DRG 020,,,,,
pdd_mdc_01,9,msdrg_021,,,c03W06009,INTEGER,,Counts for MS-DRG 021,,,,,
pdd_mdc_01,10,msdrg_022,,,c03W0600a,INTEGER,,Counts for MS-DRG 022,,,,,
pdd_mdc_01,11,msdrg_023,,,c03W0600b,INTEGER,,Counts for MS-DRG 023,,,,,
pdd_mdc_01,12,msdrg_024,,,c03W0600c,INTEGER,,Counts for MS-DRG 024,,,,,
pdd_mdc_01,13,msdrg_025,,,c03W0600d,INTEGER,,Counts for MS-DRG 025,,,,,
pdd_mdc_01,14,msdrg_026,,,c03W0600e,INTEGER,,Counts for MS-DRG 026,,,,,
pdd_mdc_01,15,msdrg_027,,,c03W0600f,INTEGER,,Counts for MS-DRG 027,,,,,
pdd_mdc_01,16,msdrg_028,,,c03W0600g,INTEGER,,Counts for MS-DRG 028,,,,,
pdd_mdc_01,17,msdrg_029,,,c03W0600h,INTEGER,,Counts for MS-DRG 029,,,,,
pdd_mdc_01,18,msdrg_030,,,c03W0600i,INTEGER,,Counts for MS-DRG 030,,,,,
pdd_mdc_01,19,msdrg_031,,,c03W0600j,INTEGER,,Counts for MS-DRG 031,,,,,
pdd_mdc_01,20,msdrg_032,,,c03W0600k,INTEGER,,Counts for MS-DRG 032,,,,,
pdd_mdc_01,21,msdrg_033,,,c03W0600l,INTEGER,,Counts for MS-DRG 033,,,,,
pdd_mdc_01,22,msdrg_034,,,c03W0600m,INTEGER,,Counts for MS-DRG 034,,,,,
pdd_mdc_01,23,msdrg_035,,,c03W0600n,INTEGER,,Counts for MS-DRG 035,,,,,
pdd_mdc_01,24,msdrg_036,,,c03W0600o,INTEGER,,Counts for MS-DRG 036,,,,,
pdd_mdc_01,25,msdrg_037,,,c03W0600p,INTEGER,,Counts for MS-DRG 037,,,,,
pdd_mdc_01,26,msdrg_038,,,c03W0600q,INTEGER,,Counts for MS-DRG 038,,,,,
pdd_mdc_01,27,msdrg_039,,,c03W0600r,INTEGER,,Counts for MS-DRG 039,,,,,
pdd_mdc_01,28,msdrg_040,,,c03W0600s,INTEGER,,Counts for MS-DRG 040,,,,,
pdd_mdc_01,29,msdrg_041,,,c03W0600t,INTEGER,,Counts for MS-DRG 041,,,,,
pdd_mdc_01,30,msdrg_042,,,c03W0600u,INTEGER,,Counts for MS-DRG 042,,,,,
pdd_mdc_01,31,msdrg_052,,,c03W0600v,INTEGER,,Counts for MS-DRG 052,,,,,
pdd_mdc_01,32,msdrg_053,,,c03W0600w,INTEGER,,Counts for MS-DRG 053,,,,,
pdd_mdc_01,33,msdrg_054,,,c03W0600x,INTEGER,,Counts for MS-DRG 054,,,,,
pdd_mdc_01,34,msdrg_055,,,c03W0600y,INTEGER,,Counts for MS-DRG 055,,,,,
pdd_mdc_01,35,msdrg_056,,,c03W0600z,INTEGER,,Counts for MS-DRG 056,,,,,
pdd_mdc_01,36,msdrg_057,,,c03W0600A,INTEGER,,Counts for MS-DRG 057,,,,,
pdd_mdc_01,37,msdrg_058,,,c03W0600B,INTEGER,,Counts for MS-DRG 058,,,,,
pdd_mdc_01,38,msdrg_059,,,c03W0600C,INTEGER,,Counts for MS-DRG 059,,,,,
pdd_mdc_01,39,msdrg_060,,,c03W0600D,INTEGER,,Counts for MS-DRG 060,,,,,
pdd_mdc_01,40,msdrg_061,,,c03W0600E,INTEGER,,Counts for MS-DRG 061,,,,,
pdd_mdc_01,41,msdrg_062,,,c03W0600F,INTEGER,,Counts for MS-DRG 062,,,,,
pdd_mdc_01,42,msdrg_063,,,c03W0600G,INTEGER,,Counts for MS-DRG 063,,,,,
pdd_mdc_01,43,msdrg_064,,,c03W0600H,INTEGER,,Counts for MS-DRG 064,,,,,
pdd_mdc_01,44,msdrg_065,,,c03W0600I,INTEGER,,Counts for MS-DRG 065,,,,,
pdd_mdc_01,45,msdrg_066,,,c03W0600J,INTEGER,,Counts for MS-DRG 066,,,,,
pdd_mdc_01,46,msdrg_067,,,c03W0600K,INTEGER,,Counts for MS-DRG 067,,,,,
pdd_mdc_01,47,msdrg_068,,,c03W0600L,INTEGER,,Counts for MS-DRG 068,,,,,
pdd_mdc_01,48,msdrg_069,,,c03W0600M,INTEGER,,Counts for MS-DRG 069,,,,,
pdd_mdc_01,49,msdrg_070,,,c03W0600N,INTEGER,,Counts for MS-DRG 070,,,,,
pdd_mdc_01,50,msdrg_071,,,c03W0600O,INTEGER,,Counts for MS-DRG 071,,,,,
pdd_mdc_01,51,msdrg_072,,,c03W0600P,INTEGER,,Counts for MS-DRG 072,,,,,
pdd_mdc_01,52,msdrg_073,,,c03W0600Q,INTEGER,,Counts for MS-DRG 073,,,,,
pdd_mdc_01,53,msdrg_074,,,c03W0600R,INTEGER,,Counts for MS-DRG 074,,,,,
pdd_mdc_01,54,msdrg_075,,,c03W0600S,INTEGER,,Counts for MS-DRG 075,,,,,
pdd_mdc_01,55,msdrg_076,,,c03W0600T,INTEGER,,Counts for MS-DRG 076,,,,,
pdd_mdc_01,56,msdrg_077,,,c03W0600U,INTEGER,,Counts for MS-DRG 077,,,,,
pdd_mdc_01,57,msdrg_078,,,c03W0600V,INTEGER,,Counts for MS-DRG 078,,,,,
pdd_mdc_01,58,msdrg_079,,,c03W0600W,INTEGER,,Counts for MS-DRG 079,,,,,
pdd_mdc_01,59,msdrg_080,,,c03W0600X,INTEGER,,Counts for MS-DRG 080,,,,,
pdd_mdc_01,60,msdrg_081,,,c03W0600Y,INTEGER,,Counts for MS-DRG 081,,,,,
pdd_mdc_01,61,msdrg_082,,,c03W0600Z,INTEGER,,Counts for MS-DRG 082,,,,,
pdd_mdc_01,62,msdrg_083,,,c03W06010,INTEGER,,Counts for MS-DRG 083,,,,,
pdd_mdc_01,63,msdrg_084,,,c03W06011,INTEGER,,Counts for MS-DRG 084,,,,,
pdd_mdc_01,64,msdrg_085,,,c03W06012,INTEGER,,Counts for MS-DRG 085,,,,,
pdd_mdc_01,65,msdrg_086,,,c03W06013,INTEGER,,Counts for MS-DRG 086,,,,,
pdd_mdc_01,66,msdrg_087,,,c03W06014,INTEGER,,Counts for MS-DRG 087,,,,,
pdd_mdc_01,67,msdrg_088,,,c03W06015,INTEGER,,Counts for MS-DRG 088,,,,,
pdd_mdc_01,68,msdrg_089,,,c03W06016,INTEGER,,Counts for MS-DRG 089,,,,,
pdd_mdc_01,69,msdrg_090,,,c03W06017,INTEGER,,Counts for MS-DRG 090,,,,,
pdd_mdc_01,70,msdrg_091,,,c03W06018,INTEGER,,Counts for MS-DRG 091,,,,,
pdd_mdc_01,71,msdrg_092,,,c03W06019,INTEGER,,Counts for MS-DRG 092,,,,,
pdd_mdc_01,72,msdrg_093,,,c03W0601a,INTEGER,,Counts for MS-DRG 093,,,,,
pdd_mdc_01,73,msdrg_094,,,c03W0601b,INTEGER,,Counts for MS-DRG 094,,,,,
pdd_mdc_01,74,msdrg_095,,,c03W0601c,INTEGER,,Counts for MS-DRG 095,,,,,
pdd_mdc_01,75,msdrg_096,,,c03W0601d,INTEGER,,Counts for MS-DRG 096,,,,,
pdd_mdc_01,76,msdrg_097,,,c03W0601e,INTEGER,,Counts for MS-DRG 097,,,,,
pdd_mdc_01,77,msdrg_098,,,c03W0601f,INTEGER,,Counts for MS-DRG 098,,,,,
pdd_mdc_01,78,msdrg_099,,,c03W0601g,INTEGER,,Counts for MS-DRG 099,,,,,
pdd_mdc_01,79,msdrg_100,,,c03W0601h,INTEGER,,Counts for MS-DRG 100,,,,,
pdd_mdc_01,80,msdrg_101,,,c03W0601i,INTEGER,,Counts for MS-DRG 101,,,,,
pdd_mdc_01,81,msdrg_102,,,c03W0601j,INTEGER,,Counts for MS-DRG 102,,,,,
pdd_mdc_01,82,msdrg_103,,,c03W0601k,INTEGER,,Counts for MS-DRG 103,,,,,
pdd_mdc_01,83,msdrg_981,,,c03W0601l,INTEGER,,Counts for MS-DRG 981,,,,,
pdd_mdc_01,84,msdrg_982,,,c03W0601m,INTEGER,,Counts for MS-DRG 982,,,,,
pdd_mdc_01,85,msdrg_983,,,c03W0601n,INTEGER,,Counts for MS-DRG 983,,,,,
pdd_mdc_01,86,msdrg_985,,,c03W0601o,INTEGER,,Counts for MS-DRG 985,,,,,
pdd_mdc_01,87,msdrg_986,,,c03W0601p,INTEGER,,Counts for MS-DRG 986,,,,,
pdd_mdc_01,88,msdrg_987,,,c03W0601q,INTEGER,,Counts for MS-DRG 987,,,,,
pdd_mdc_01,89,msdrg_988,,,c03W0601r,INTEGER,,Counts for MS-DRG 988,,,,,
pdd_mdc_01,90,msdrg_989,,,c03W0601s,INTEGER,,Counts for MS-DRG 989,,,,,
,,,,,,,,,,,,,
pdd_mdc_02,1,id,1,,t03W07,INTEGER,,"MSDRGs counts per hosiptal, per year, for MDC 02",,,,,
pdd_mdc_02,2,oshpd_id,,,c03W07002,VARCHAR,,OSHPD facility id,,,,,
pdd_mdc_02,3,year,,,c03W07003,INTEGER,,Year of discharge,c00102003,,,,dates.year
pdd_mdc_02,4,msdrg_003,,,c03W07004,INTEGER,,Counts for MS-DRG 003,,,,,
pdd_mdc_02,5,msdrg_004,,,c03W07005,INTEGER,,Counts for MS-DRG 004,,,,,
pdd_mdc_02,6,msdrg_009,,,c03W07006,INTEGER,,Counts for MS-DRG 009,,,,,
pdd_mdc_02,7,msdrg_010,,,c03W07007,INTEGER,,Counts for MS-DRG 010,,,,,
pdd_mdc_02,8,msdrg_011,,,c03W07008,INTEGER,,Counts for MS-DRG 011,,,,,
pdd_mdc_02,9,msdrg_012,,,c03W07009,INTEGER,,Counts for MS-DRG 012,,,,,
pdd_mdc_02,10,msdrg_014,,,c03W0700a,INTEGER,,Counts for MS-DRG 014,,,,,
pdd_mdc_02,11,msdrg_016,,,c03W0700b,INTEGER,,Counts for MS-DRG 016,,,,,
pdd_mdc_02,12,msdrg_113,,,c03W0700c,INTEGER,,Counts for MS-DRG 113,,,,,
pdd_mdc_02,13,msdrg_114,,,c03W0700d,INTEGER,,Counts for MS-DRG 114,,,,,
pdd_mdc_02,14,msdrg_115,,,c03W0700e,INTEGER,,Counts for MS-DRG 115,,,,,
pdd_mdc_02,15,msdrg_116,,,c03W0700f,INTEGER,,Counts for MS-DRG 116,,,,,
pdd_mdc_02,16,msdrg_117,,,c03W0700g,INTEGER,,Counts for MS-DRG 117,,,,,
pdd_mdc_02,17,msdrg_121,,,c03W0700h,INTEGER,,Counts for MS-DRG 121,,,,,
pdd_mdc_02,18,msdrg_122,,,c03W0700i,INTEGER,,Counts for MS-DRG 122,,,,,
pdd_mdc_02,19,msdrg_123,,,c03W0700j,INTEGER,,Counts for MS-DRG 123,,,,,
pdd_mdc_02,20,msdrg_124,,,c03W0700k,INTEGER,,Counts for MS-DRG 124,,,,,
pdd_mdc_02,21,msdrg_125,,,c03W0700l,INTEGER,,Counts for MS-DRG 125,,,,,
pdd_mdc_02,22,msdrg_981,,,c03W0700m,INTEGER,,Counts for MS-DRG 981,,,,,
pdd_mdc_02,23,msdrg_982,,,c03W0700n,INTEGER,,Counts for MS-DRG 982,,,,,
pdd_mdc_02,24,msdrg_983,,,c03W0700o,INTEGER,,Counts for MS-DRG 983,,,,,
pdd_mdc_02,25,msdrg_987,,,c03W0700p,INTEGER,,Counts for MS-DRG 987,,,,,
pdd_mdc_02,26,msdrg_988,,,c03W0700q,INTEGER,,Counts for MS-DRG 988,,,,,
pdd_mdc_02,27,msdrg_989,,,c03W0700r,INTEGER,,Counts for MS-DRG 989,,,,,
,,,,,,,,,,,,,
pdd_mdc_03,1,id,1,,t03W08,INTEGER,,"MSDRGs counts per hosiptal, per year, for MDC 03",,,,,
pdd_mdc_03,2,oshpd_id,,,c03W08002,VARCHAR,,OSHPD facility id,,,,,
pdd_mdc_03,3,year,,,c03W08003,INTEGER,,Year of discharge,c00102003,,,,dates.year
pdd_mdc_03,4,msdrg_003,,,c03W08004,INTEGER,,Counts for MS-DRG 003,,,,,
pdd_mdc_03,5,msdrg_004,,,c03W08005,INTEGER,,Counts for MS-DRG 004,,,,,
pdd_mdc_03,6,msdrg_011,,,c03W08006,INTEGER,,Counts for MS-DRG 011,,,,,
pdd_mdc_03,7,msdrg_012,,,c03W08007,INTEGER,,Counts for MS-DRG 012,,,,,
pdd_mdc_03,8,msdrg_013,,,c03W08008,INTEGER,,Counts for MS-DRG 013,,,,,
pdd_mdc_03,9,msdrg_129,,,c03W08009,INTEGER,,Counts for MS-DRG 129,,,,,
pdd_mdc_03,10,msdrg_130,,,c03W0800a,INTEGER,,Counts for MS-DRG 130,,,,,
pdd_mdc_03,11,msdrg_131,,,c03W0800b,INTEGER,,Counts for MS-DRG 131,,,,,
pdd_mdc_03,12,msdrg_132,,,c03W0800c,INTEGER,,Counts for MS-DRG 132,,,,,
pdd_mdc_03,13,msdrg_133,,,c03W0800d,INTEGER,,Counts for MS-DRG 133,,,,,
pdd_mdc_03,14,msdrg_134,,,c03W0800e,INTEGER,,Counts for MS-DRG 134,,,,,
pdd_mdc_03,15,msdrg_135,,,c03W0800f,INTEGER,,Counts for MS-DRG 135,,,,,
pdd_mdc_03,16,msdrg_136,,,c03W0800g,INTEGER,,Counts for MS-DRG 136,,,,,
pdd_mdc_03,17,msdrg_137,,,c03W0800h,INTEGER,,Counts for MS-DRG 137,,,,,
pdd_mdc_03,18,msdrg_138,,,c03W0800i,INTEGER,,Counts for MS-DRG 138,,,,,
pdd_mdc_03,19,msdrg_139,,,c03W0800j,INTEGER,,Counts for MS-DRG 139,,,,,
pdd_mdc_03,20,msdrg_146,,,c03W0800k,INTEGER,,Counts for MS-DRG 146,,,,,
pdd_mdc_03,21,msdrg_147,,,c03W0800l,INTEGER,,Counts for MS-DRG 147,,,,,
pdd_mdc_03,22,msdrg_148,,,c03W0800m,INTEGER,,Counts for MS-DRG 148,,,,,
pdd_mdc_03,23,msdrg_149,,,c03W0800n,INTEGER,,Counts for MS-DRG 149,,,,,
pdd_mdc_03,24,msdrg_150,,,c03W0800o,INTEGER,,Counts for MS-DRG 150,,,,,
pdd_mdc_03,25,msdrg_151,,,c03W0800p,INTEGER,,Counts for MS-DRG 151,,,,,
pdd_mdc_03,26,msdrg_152,,,c03W0800q,INTEGER,,Counts for MS-DRG 152,,,,,
pdd_mdc_03,27,msdrg_153,,,c03W0800r,INTEGER,,Counts for MS-DRG 153,,,,,
pdd_mdc_03,28,msdrg_154,,,c03W0800s,INTEGER,,Counts for MS-DRG 154,,,,,
pdd_mdc_03,29,msdrg_155,,,c03W0800t,INTEGER,,Counts for MS-DRG 155,,,,,
pdd_mdc_03,30,msdrg_156,,,c03W0800u,INTEGER,,Counts for MS-DRG 156,,,,,
pdd_mdc_03,31,msdrg_157,,,c03W0800v,INTEGER,,Counts for MS-DRG 157,,,,,
pdd_mdc_03,32,msdrg_158,,,c03W0800w,INTEGER,,Counts for MS-DRG 158,,,,,
pdd_mdc_03,33,msdrg_159,,,c03W0800x,INTEGER,,Counts for MS-DRG 159,,,,,
pdd_mdc_03,34,msdrg_981,,,c03W0800y,INTEGER,,Counts for MS-DRG 981,,,,,
pdd_mdc_03,35,msdrg_982,,,c03W0800z,INTEGER,,Counts for MS-DRG 982,,,,,
pdd_mdc_03,36,msdrg_983,,,c03W0800A,INTEGER,,Counts for MS-DRG 983,,,,,
pdd_mdc_03,37,msdrg_984,,,c03W0800B,INTEGER,,Counts for MS-DRG 984,,,,,
pdd_mdc_03,38,msdrg_987,,,c03W0800C,INTEGER,,Counts for MS-DRG 987,,,,,
pdd_mdc_03,39,msdrg_988,,,c03W0800D,INTEGER,,Counts for MS-DRG 988,,,,,
pdd_mdc_03,40,msdrg_989,,,c03W0800E,INTEGER,,Counts for MS-DRG 989,,,,,
,,,,,,,,,,,,,
pdd_mdc_04,1,id,1,,t03W09,INTEGER,,"MSDRGs counts per hosiptal, per year, for MDC 04",,,,,
pdd_mdc_04,2,oshpd_id,,,c03W09002,VARCHAR,,OSHPD facility id,,,,,
pdd_mdc_04,3,year,,,c03W09003,INTEGER,,Year of discharge,c00102003,,,,dates.year
pdd_mdc_04,4,msdrg_002,,,c03W09004,INTEGER,,Counts for MS-DRG 002,,,,,
pdd_mdc_04,5,msdrg_003,,,c03W09005,INTEGER,,Counts for MS-DRG 003,,,,,
pdd_mdc_04,6,msdrg_004,,,c03W09006,INTEGER,,Counts for MS-DRG 004,,,,,
pdd_mdc_04,7,msdrg_012,,,c03W09007,INTEGER,,Counts for MS-DRG 012,,,,,
pdd_mdc_04,8,msdrg_163,,,c03W09008,INTEGER,,Counts for MS-DRG 163,,,,,
pdd_mdc_04,9,msdrg_164,,,c03W09009,INTEGER,,Counts for MS-DRG 164,,,,,
pdd_mdc_04,10,msdrg_165,,,c03W0900a,INTEGER,,Counts for MS-DRG 165,,,,,
pdd_mdc_04,11,msdrg_166,,,c03W0900b,INTEGER,,Counts for MS-DRG 166,,,,,
pdd_mdc_04,12,msdrg_167,,,c03W0900c,INTEGER,,Counts for MS-DRG 167,,,,,
pdd_mdc_04,13,msdrg_168,,,c03W0900d,INTEGER,,Counts for MS-DRG 168,,,,,
pdd_mdc_04,14,msdrg_175,,,c03W0900e,INTEGER,,Counts for MS-DRG 175,,,,,
pdd_mdc_04,15,msdrg_176,,,c03W0900f,INTEGER,,Counts for MS-DRG 176,,,,,
pdd_mdc_04,16,msdrg_177,,,c03W0900g,INTEGER,,Counts for MS-DRG 177,,,,,
pdd_mdc_04,17,msdrg_178,,,c03W0900h,INTEGER,,Counts for MS-DRG 178,,,,,
pdd_mdc_04,18,msdrg_179,,,c03W0900i,INTEGER,,Counts for MS-DRG 179,,,,,
pdd_mdc_04,19,msdrg_180,,,c03W0900j,INTEGER,,Counts for MS-DRG 180,,,,,
pdd_mdc_04,20,msdrg_181,,,c03W0900k,INTEGER,,Counts for MS-DRG 181,,,,,
pdd_mdc_04,21,msdrg_182,,,c03W0900l,INTEGER,,Counts for MS-DRG 182,,,,,
pdd_mdc_04,22,msdrg_183,,,c03W0900m,INTEGER,,Counts for MS-DRG 183,,,,,
pdd_mdc_04,23,msdrg_184,,,c03W0900n,INTEGER,,Counts for MS-DRG 184,,,,,
pdd_mdc_04,24,msdrg_185,,,c03W0900o,INTEGER,,Counts for MS-DRG 185,,,,,
pdd_mdc_04,25,msdrg_186,,,c03W0900p,INTEGER,,Counts for MS-DRG 186,,,,,
pdd_mdc_04,26,msdrg_187,,,c03W0900q,INTEGER,,Counts for MS-DRG 187,,,,,
pdd_mdc_04,27,msdrg_188,,,c03W0900r,INTEGER,,Counts for MS-DRG 188,,,,,
pdd_mdc_04,28,msdrg_189,,,c03W0900s,INTEGER,,Counts for MS-DRG 189,,,,,
pdd_mdc_04,29,msdrg_190,,,c03W0900t,INTEGER,,Counts for MS-DRG 190,,,,,
pdd_mdc_04,30,msdrg_191,,,c03W0900u,INTEGER,,Counts for MS-DRG 191,,,,,
pdd_mdc_04,31,msdrg_192,,,c03W0900v,INTEGER,,Counts for MS-DRG 192,,,,,
pdd_mdc_04,32,msdrg_193,,,c03W0900w,INTEGER,,Counts for MS-DRG 193,,,,,
pdd_mdc_04,33,msdrg_194,,,c03W0900x,INTEGER,,Counts for MS-DRG 194,,,,,
pdd_mdc_04,34,msdrg_195,,,c03W0900y,INTEGER,,Counts for MS-DRG 195,,,,,
pdd_mdc_04,35,msdrg_196,,,c03W0900z,INTEGER,,Counts for MS-DRG 196,,,,,
pdd_mdc_04,36,msdrg_197,,,c03W0900A,INTEGER,,Counts for MS-DRG 197,,,,,
pdd_mdc_04,37,msdrg_198,,,c03W0900B,INTEGER,,Counts for MS-DRG 198,,,,,
pdd_mdc_04,38,msdrg_199,,,c03W0900C,INTEGER,,Counts for MS-DRG 199,,,,,
pdd_mdc_04,39,msdrg_200,,,c03W0900D,INTEGER,,Counts for MS-DRG 200,,,,,
pdd_mdc_04,40,msdrg_201,,,c03W0900E,INTEGER,,Counts for MS-DRG 201,,,,,
pdd_mdc_04,41,msdrg_202,,,c03W0900F,INTEGER,,Counts for MS-DRG 202,,,,,
pdd_mdc_04,42,msdrg_203,,,c03W0900G,INTEGER,,Counts for MS-DRG 203,,,,,
pdd_mdc_04,43,msdrg_204,,,c03W0900H,INTEGER,,Counts for MS-DRG 204,,,,,
pdd_mdc_04,44,msdrg_205,,,c03W0900I,INTEGER,,Counts for MS-DRG 205,,,,,
pdd_mdc_04,45,msdrg_206,,,c03W0900J,INTEGER,,Counts for MS-DRG 206,,,,,
pdd_mdc_04,46,msdrg_207,,,c03W0900K,INTEGER,,Counts for MS-DRG 207,,,,,
pdd_mdc_04,47,msdrg_208,,,c03W0900L,INTEGER,,Counts for MS-DRG 208,,,,,
pdd_mdc_04,48,msdrg_981,,,c03W0900M,INTEGER,,Counts for MS-DRG 981,,,,,
pdd_mdc_04,49,msdrg_982,,,c03W0900N,INTEGER,,Counts for MS-DRG 982,,,,,
pdd_mdc_04,50,msdrg_983,,,c03W0900O,INTEGER,,Counts for MS-DRG 983,,,,,
pdd_mdc_04,51,msdrg_984,,,c03W0900P,INTEGER,,Counts for MS-DRG 984,,,,,
pdd_mdc_04,52,msdrg_986,,,c03W0900Q,INTEGER,,Counts for MS-DRG 986,,,,,
pdd_mdc_04,53,msdrg_987,,,c03W0900R,INTEGER,,Counts for MS-DRG 987,,,,,
pdd_mdc_04,54,msdrg_988,,,c03W0900S,INTEGER,,Counts for MS-DRG 988,,,,,
pdd_mdc_04,55,msdrg_989,,,c03W0900T,INTEGER,,Counts for MS-DRG 989,,,,,
,,,,,,,,,,,,,
pdd_mdc_05,1,id,1,,t03W0a,INTEGER,,"MSDRGs counts per hosiptal, per year, for MDC 05",,,,,
pdd_mdc_05,2,oshpd_id,,,c03W0a002,VARCHAR,,OSHPD facility id,,,,,
pdd_mdc_05,3,year,,,c03W0a003,INTEGER,,Year of discharge,c00102003,,,,dates.year
pdd_mdc_05,4,msdrg_003,,,c03W0a004,INTEGER,,Counts for MS-DRG 003,,,,,
pdd_mdc_05,5,msdrg_004,,,c03W0a005,INTEGER,,Counts for MS-DRG 004,,,,,
pdd_mdc_05,6,msdrg_016,,,c03W0a006,INTEGER,,Counts for MS-DRG 016,,,,,
pdd_mdc_05,7,msdrg_215,,,c03W0a007,INTEGER,,Counts for MS-DRG 215,,,,,
pdd_mdc_05,8,msdrg_216,,,c03W0a008,INTEGER,,Counts for MS-DRG 216,,,,,
pdd_mdc_05,9,msdrg_217,,,c03W0a009,INTEGER,,Counts for MS-DRG 217,,,,,
pdd_mdc_05,10,msdrg_219,,,c03W0a00a,INTEGER,,Counts for MS-DRG 219,,,,,
pdd_mdc_05,11,msdrg_220,,,c03W0a00b,INTEGER,,Counts for MS-DRG 220,,,,,
pdd_mdc_05,12,msdrg_221,,,c03W0a00c,INTEGER,,Counts for MS-DRG 221,,,,,
pdd_mdc_05,13,msdrg_222,,,c03W0a00d,INTEGER,,Counts for MS-DRG 222,,,,,
pdd_mdc_05,14,msdrg_223,,,c03W0a00e,INTEGER,,Counts for MS-DRG 223,,,,,
pdd_mdc_05,15,msdrg_224,,,c03W0a00f,INTEGER,,Counts for MS-DRG 224,,,,,
pdd_mdc_05,16,msdrg_225,,,c03W0a00g,INTEGER,,Counts for MS-DRG 225,,,,,
pdd_mdc_05,17,msdrg_226,,,c03W0a00h,INTEGER,,Counts for MS-DRG 226,,,,,
pdd_mdc_05,18,msdrg_227,,,c03W0a00i,INTEGER,,Counts for MS-DRG 227,,,,,
pdd_mdc_05,19,msdrg_228,,,c03W0a00j,INTEGER,,Counts for MS-DRG 228,,,,,
pdd_mdc_05,20,msdrg_229,,,c03W0a00k,INTEGER,,Counts for MS-DRG 229,,,,,
pdd_mdc_05,21,msdrg_230,,,c03W0a00l,INTEGER,,Counts for MS-DRG 230,,,,,
pdd_mdc_05,22,msdrg_231,,,c03W0a00m,INTEGER,,Counts for MS-DRG 231,,,,,
pdd_mdc_05,23,msdrg_232,,,c03W0a00n,INTEGER,,Counts for MS-DRG 232,,,,,
pdd_mdc_05,24,msdrg_233,,,c03W0a00o,INTEGER,,Counts for MS-DRG 233,,,,,
pdd_mdc_05,25,msdrg_234,,,c03W0a00p,INTEGER,,Counts for MS-DRG 234,,,,,
pdd_mdc_05,26,msdrg_235,,,c03W0a00q,INTEGER,,Counts for MS-DRG 235,,,,,
pdd_mdc_05,27,msdrg_236,,,c03W0a00r,INTEGER,,Counts for MS-DRG 236,,,,,
pdd_mdc_05,28,msdrg_237,,,c03W0a00s,INTEGER,,Counts for MS-DRG 237,,,,,
pdd_mdc_05,29,msdrg_238,,,c03W0a00t,INTEGER,,Counts for MS-DRG 238,,,,,
pdd_mdc_05,30,msdrg_239,,,c03W0a00u,INTEGER,,Counts for MS-DRG 239,,,,,
pdd_mdc_05,31,msdrg_240,,,c03W0a00v,INTEGER,,Counts for MS-DRG 240,,,,,
pdd_mdc_05,32,msdrg_241,,,c03W0a00w,INTEGER,,Counts for MS-DRG 241,,,,,
pdd_mdc_05,33,msdrg_242,,,c03W0a00x,INTEGER,,Counts for MS-DRG 242,,,,,
pdd_mdc_05,34,msdrg_243,,,c03W0a00y,INTEGER,,Counts for MS-DRG 243,,,,,
pdd_mdc_05,35,msdrg_244,,,c03W0a00z,INTEGER,,Counts for MS-DRG 244,,,,,
pdd_mdc_05,36,msdrg_245,,,c03W0a00A,INTEGER,,Counts for MS-DRG 245,,,,,
pdd_mdc_05,37,msdrg_246,,,c03W0a00B,INTEGER,,Counts for MS-DRG 246,,,,,
pdd_mdc_05,38,msdrg_247,,,c03W0a00C,INTEGER,,Counts for MS-DRG 247,,,,,
pdd_mdc_05,39,msdrg_248,,,c03W0a00D,INTEGER,,Counts for MS-DRG 248,,,,,
pdd_mdc_05,40,msdrg_249,,,c03W0a00E,INTEGER,,Counts for MS-DRG 249,,,,,
pdd_mdc_05,41,msdrg_250,,,c03W0a00F,INTEGER,,Counts for MS-DRG 250,,,,,
pdd_mdc_05,42,msdrg_251,,,c03W0a00G,INTEGER,,Counts for MS-DRG 251,,,,,
pdd_mdc_05,43,msdrg_252,,,c03W0a00H,INTEGER,,Counts for MS-DRG 252,,,,,
pdd_mdc_05,44,msdrg_253,,,c03W0a00I,INTEGER,,Counts for MS-DRG 253,,,,,
pdd_mdc_05,45,msdrg_254,,,c03W0a00J,INTEGER,,Counts for MS-DRG 254,,,,,
pdd_mdc_05,46,msdrg_255,,,c03W0a00K,INTEGER,,Counts for MS-DRG 255,,,,,
pdd_mdc_05,47,msdrg_256,,,c03W0a00L,INTEGER,,Counts for MS-DRG 256,,,,,
pdd_mdc_05,48,msdrg_257,,,c03W0a00M,INTEGER,,Counts for MS-DRG 257,,,,,
pdd_mdc_05,49,msdrg_258,,,c03W0a00N,INTEGER,,Counts for MS-DRG 258,,,,,
pdd_mdc_05,50,msdrg_259,,,c03W0a00O,INTEGER,,Counts for MS-DRG 259,,,,,
pdd_mdc_05,51,msdrg_260,,,c03W0a00P,INTEGER,,Counts for MS-DRG 260,,,,,
pdd_mdc_05,52,msdrg_261,,,c03W0a00Q,INTEGER,,Counts for MS-DRG 261,,,,,
pdd_mdc_05,53,msdrg_262,,,c03W0a00R,INTEGER,,Counts for MS-DRG 262,,,,,
pdd_mdc_05,54,msdrg_263,,,c03W0a00S,INTEGER,,Counts for MS-DRG 263,,,,,
pdd_mdc_05,55,msdrg_264,,,c03W0a00T,INTEGER,,Counts for MS-DRG 264,,,,,
pdd_mdc_05,56,msdrg_280,,,c03W0a00U,INTEGER,,Counts for MS-DRG 280,,,,,
pdd_mdc_05,57,msdrg_281,,,c03W0a00V,INTEGER,,Counts for MS-DRG 281,,,,,
pdd_mdc_05,58,msdrg_282,,,c03W0a00W,INTEGER,,Counts for MS-DRG 282,,,,,
pdd_mdc_05,59,msdrg_283,,,c03W0a00X,INTEGER,,Counts for MS-DRG 283,,,,,
pdd_mdc_05,60,msdrg_284,,,c03W0a00Y,INTEGER,,Counts for MS-DRG 284,,,,,
pdd_mdc_05,61,msdrg_285,,,c03W0a00Z,INTEGER,,Counts for MS-DRG 285,,,,,
pdd_mdc_05,62,msdrg_286,,,c03W0a010,INTEGER,,Counts for MS-DRG 286,,,,,
pdd_mdc_05,63,msdrg_287,,,c03W0a011,INTEGER,,Counts for MS-DRG 287,,,,,
pdd_mdc_05,64,msdrg_288,,,c03W0a012,INTEGER,,Counts for MS-DRG 288,,,,,
pdd_mdc_05,65,msdrg_289,,,c03W0a013,INTEGER,,Counts for MS-DRG 289,,,,,
pdd_mdc_05,66,msdrg_290,,,c03W0a014,INTEGER,,Counts for MS-DRG 290,,,,,
pdd_mdc_05,67,msdrg_291,,,c03W0a015,INTEGER,,Counts for MS-DRG 291,,,,,
pdd_mdc_05,68,msdrg_292,,,c03W0a016,INTEGER,,Counts for MS-DRG 292,,,,,
pdd_mdc_05,69,msdrg_293,,,c03W0a017,INTEGER,,Counts for MS-DRG 293,,,,,
pdd_mdc_05,70,msdrg_294,,,c03W0a018,INTEGER,,Counts for MS-DRG 294,,,,,
pdd_mdc_05,71,msdrg_295,,,c03W0a019,INTEGER,,Counts for MS-DRG 295,,,,,
pdd_mdc_05,72,msdrg_296,,,c03W0a01a,INTEGER,,Counts for MS-DRG 296,,,,,
pdd_mdc_05,73,msdrg_297,,,c03W0a01b,INTEGER,,Counts for MS-DRG 297,,,,,
pdd_mdc_05,74,msdrg_298,,,c03W0a01c,INTEGER,,Counts for MS-DRG 298,,,,,
pdd_mdc_05,75,msdrg_299,,,c03W0a01d,INTEGER,,Counts for MS-DRG 299,,,,,
pdd_mdc_05,76,msdrg_300,,,c03W0a01e,INTEGER,,Counts for MS-DRG 300,,,,,
pdd_mdc_05,77,msdrg_301,,,c03W0a01f,INTEGER,,Counts for MS-DRG 301,,,,,
pdd_mdc_05,78,msdrg_302,,,c03W0a01g,INTEGER,,Counts for MS-DRG 302,,,,,
pdd_mdc_05,79,msdrg_303,,,c03W0a01h,INTEGER,,Counts for MS-DRG 303,,,,,
pdd_mdc_05,80,msdrg_304,,,c03W0a01i,INTEGER,,Counts for MS-DRG 304,,,,,
pdd_mdc_05,81,msdrg_305,,,c03W0a01j,INTEGER,,Counts for MS-DRG 305,,,,,
pdd_mdc_05,82,msdrg_306,,,c03W0a01k,INTEGER,,Counts for MS-DRG 306,,,,,
pdd_mdc_05,83,msdrg_307,,,c03W0a01l,INTEGER,,Counts for MS-DRG 307,,,,,
pdd_mdc_05,84,msdrg_308,,,c03W0a01m,INTEGER,,Counts for MS-DRG 308,,,,,
pdd_mdc_05,85,msdrg_309,,,c03W0a01n,INTEGER,,Counts for MS-DRG 309,,,,,
pdd_mdc_05,86,msdrg_310,,,c03W0a01o,INTEGER,,Counts for MS-DRG 310,,,,,
pdd_mdc_05,87,msdrg_311,,,c03W0a01p,INTEGER,,Counts for MS-DRG 311,,,,,
pdd_mdc_05,88,msdrg_312,,,c03W0a01q,INTEGER,,Counts for MS-DRG 312,,,,,
pdd_mdc_05,89,msdrg_313,,,c03W0a01r,INTEGER,,Counts for MS-DRG 313,,,,,
pdd_mdc_05,90,msdrg_314,,,c03W0a01s,INTEGER,,Counts for MS-DRG 314,,,,,
pdd_mdc_05,91,msdrg_315,,,c03W0a01t,INTEGER,,Counts for MS-DRG 315,,,,,
pdd_mdc_05,92,msdrg_316,,,c03W0a01u,INTEGER,,Counts for MS-DRG 316,,,,,
pdd_mdc_05,93,msdrg_981,,,c03W0a01v,INTEGER,,Counts for MS-DRG 981,,,,,
pdd_mdc_05,94,msdrg_982,,,c03W0a01w,INTEGER,,Counts for MS-DRG 982,,,,,
pdd_mdc_05,95,msdrg_983,,,c03W0a01x,INTEGER,,Counts for MS-DRG 983,,,,,
pdd_mdc_05,96,msdrg_985,,,c03W0a01y,INTEGER,,Counts for MS-DRG 985,,,,,
pdd_mdc_05,97,msdrg_986,,,c03W0a01z,INTEGER,,Counts for MS-DRG 986,,,,,
pdd_mdc_05,98,msdrg_987,,,c03W0a01A,INTEGER,,Counts for MS-DRG 987,,,,,
pdd_mdc_05,99,msdrg_988,,,c03W0a01B,INTEGER,,Counts for MS-DRG 988,,,,,
pdd_mdc_05,100,msdrg_989,,,c03W0a01C,INTEGER,,Counts for MS-DRG 989,,,,,
,,,,,,,,,,,,,
pdd_mdc_06,1,id,1,,t03W0b,INTEGER,,"MSDRGs counts per hosiptal, per year, for MDC 06",,,,,
pdd_mdc_06,2,oshpd_id,,,c03W0b002,VARCHAR,,OSHPD facility id,,,,,
pdd_mdc_06,3,year,,,c03W0b003,INTEGER,,Year of discharge,c00102003,,,,dates.year
pdd_mdc_06,4,msdrg_003,,,c03W0b004,INTEGER,,Counts for MS-DRG 003,,,,,
pdd_mdc_06,5,msdrg_004,,,c03W0b005,INTEGER,,Counts for MS-DRG 004,,,,,
pdd_mdc_06,6,msdrg_326,,,c03W0b006,INTEGER,,Counts for MS-DRG 326,,,,,
pdd_mdc_06,7,msdrg_327,,,c03W0b007,INTEGER,,Counts for MS-DRG 327,,,,,
pdd_mdc_06,8,msdrg_328,,,c03W0b008,INTEGER,,Counts for MS-DRG 328,,,,,
pdd_mdc_06,9,msdrg_329,,,c03W0b009,INTEGER,,Counts for MS-DRG 329,,,,,
pdd_mdc_06,10,msdrg_330,,,c03W0b00a,INTEGER,,Counts for MS-DRG 330,,,,,
pdd_mdc_06,11,msdrg_331,,,c03W0b00b,INTEGER,,Counts for MS-DRG 331,,,,,
pdd_mdc_06,12,msdrg_332,,,c03W0b00c,INTEGER,,Counts for MS-DRG 332,,,,,
pdd_mdc_06,13,msdrg_333,,,c03W0b00d,INTEGER,,Counts for MS-DRG 333,,,,,
pdd_mdc_06,14,msdrg_334,,,c03W0b00e,INTEGER,,Counts for MS-DRG 334,,,,,
pdd_mdc_06,15,msdrg_335,,,c03W0b00f,INTEGER,,Counts for MS-DRG 335,,,,,
pdd_mdc_06,16,msdrg_336,,,c03W0b00g,INTEGER,,Counts for MS-DRG 336,,,,,
pdd_mdc_06,17,msdrg_337,,,c03W0b00h,INTEGER,,Counts for MS-DRG 337,,,,,
pdd_mdc_06,18,msdrg_338,,,c03W0b00i,INTEGER,,Counts for MS-DRG 338,,,,,
pdd_mdc_06,19,msdrg_339,,,c03W0b00j,INTEGER,,Counts for MS-DRG 339,,,,,
pdd_mdc_06,20,msdrg_340,,,c03W0b00k,INTEGER,,Counts for MS-DRG 340,,,,,
pdd_mdc_06,21,msdrg_341,,,c03W0b00l,INTEGER,,Counts for MS-DRG 341,,,,,
pdd_mdc_06,22,msdrg_342,,,c03W0b00m,INTEGER,,Counts for MS-DRG 342,,,,,
pdd_mdc_06,23,msdrg_343,,,c03W0b00n,INTEGER,,Counts for MS-DRG 343,,,,,
pdd_mdc_06,24,msdrg_344,,,c03W0b00o,INTEGER,,Counts for MS-DRG 344,,,,,
pdd_mdc_06,25,msdrg_345,,,c03W0b00p,INTEGER,,Counts for MS-DRG 345,,,,,
pdd_mdc_06,26,msdrg_346,,,c03W0b00q,INTEGER,,Counts for MS-DRG 346,,,,,
pdd_mdc_06,27,msdrg_347,,,c03W0b00r,INTEGER,,Counts for MS-DRG 347,,,,,
pdd_mdc_06,28,msdrg_348,,,c03W0b00s,INTEGER,,Counts for MS-DRG 348,,,,,
pdd_mdc_06,29,msdrg_349,,,c03W0b00t,INTEGER,,Counts for MS-DRG 349,,,,,
pdd_mdc_06,30,msdrg_350,,,c03W0b00u,INTEGER,,Counts for MS-DRG 350,,,,,
pdd_mdc_06,31,msdrg_351,,,c03W0b00v,INTEGER,,Counts for MS-DRG 351,,,,,
pdd_mdc_06,32,msdrg_352,,,c03W0b00w,INTEGER,,Counts for MS-DRG 352,,,,,
pdd_mdc_06,33,msdrg_353,,,c03W0b00x,INTEGER,,Counts for MS-DRG 353,,,,,
pdd_mdc_06,34,msdrg_354,,,c03W0b00y,INTEGER,,Counts for MS-DRG 354,,,,,
pdd_mdc_06,35,msdrg_355,,,c03W0b00z,INTEGER,,Counts for MS-DRG 355,,,,,
pdd_mdc_06,36,msdrg_356,,,c03W0b00A,INTEGER,,Counts for MS-DRG 356,,,,,
pdd_mdc_06,37,msdrg_357,,,c03W0b00B,INTEGER,,Counts for MS-DRG 357,,,,,
pdd_mdc_06,38,msdrg_358,,,c03W0b00C,INTEGER,,Counts for MS-DRG 358,,,,,
pdd_mdc_06,39,msdrg_368,,,c03W0b00D,INTEGER,,Counts for MS-DRG 368,,,,,
pdd_mdc_06,40,msdrg_369,,,c03W0b00E,INTEGER,,Counts for MS-DRG 369,,,,,
pdd_mdc_06,41,msdrg_370,,,c03W0b00F,INTEGER,,Counts for MS-DRG 370,,,,,
pdd_mdc_06,42,msdrg_371,,,c03W0b00G,INTEGER,,Counts for MS-DRG 371,,,,,
pdd_mdc_06,43,msdrg_372,,,c03W0b00H,INTEGER,,Counts for MS-DRG 372,,,,,
pdd_mdc_06,44,msdrg_373,,,c03W0b00I,INTEGER,,Counts for MS-DRG 373,,,,,
pdd_mdc_06,45,msdrg_374,,,c03W0b00J,INTEGER,,Counts for MS-DRG 374,,,,,
pdd_mdc_06,46,msdrg_375,,,c03W0b00K,INTEGER,,Counts for MS-DRG 375,,,,,
pdd_mdc_06,47,msdrg_376,,,c03W0b00L,INTEGER,,Counts for MS-DRG 376,,,,,
pdd_mdc_06,48,msdrg_377,,,c03W0b00M,INTEGER,,Counts for MS-DRG 377,,,,,
pdd_mdc_06,49,msdrg_378,,,c03W0b00N,INTEGER,,Counts for MS-DRG 378,,,,,
pdd_mdc_06,50,msdrg_379,,,c03W0b00O,INTEGER,,Counts for MS-DRG 379,,,,,
pdd_mdc_06,51,msdrg_380,,,c03W0b00P,INTEGER,,Counts for MS-DRG 380,,,,,
pdd_mdc_06,52,msdrg_381,,,c03W0b00Q,INTEGER,,Counts for MS-DRG 381,,,,,
pdd_mdc_06,53,msdrg_382,,,c03W0b00R,INTEGER,,Counts for MS-DRG 382,,,,,
pdd_mdc_06,54,msdrg_383,,,c03W0b00S,INTEGER,,Counts for MS-DRG 383,,,,,
pdd_mdc_06,55,msdrg_384,,,c03W0b00T,INTEGER,,Counts for MS-DRG 384,,,,,
pdd_mdc_06,56,msdrg_385,,,c03W0b00U,INTEGER,,Counts for MS-DRG 385,,,,,
pdd_mdc_06,57,msdrg_386,,,c03W0b00V,INTEGER,,Counts for MS-DRG 386,,,,,
pdd_mdc_06,58,msdrg_387,,,c03W0b00W,INTEGER,,Counts for MS-DRG 387,,,,,
pdd_mdc_06,59,msdrg_388,,,c03W0b00X,INTEGER,,Counts for MS-DRG 388,,,,,
pdd_mdc_06,60,msdrg_389,,,c03W0b00Y,INTEGER,,Counts for MS-DRG 389,,,,,
pdd_mdc_06,61,msdrg_390,,,c03W0b00Z,INTEGER,,Counts for MS-DRG 390,,,,,
pdd_mdc_06,62,msdrg_391,,,c03W0b010,INTEGER,,Counts for MS-DRG 391,,,,,
pdd_mdc_06,63,msdrg_392,,,c03W0b011,INTEGER,,Counts for MS-DRG 392,,,,,
pdd_mdc_06,64,msdrg_393,,,c03W0b012,INTEGER,,Counts for MS-DRG 393,,,,,
pdd_mdc_06,65,msdrg_394,,,c03W0b013,INTEGER,,Counts for MS-DRG 394,,,,,
pdd_mdc_06,66,msdrg_395,,,c03W0b014,INTEGER,,Counts for MS-DRG 395,,,,,
pdd_mdc_06,67,msdrg_981,,,c03W0b015,INTEGER,,Counts for MS-DRG 981,,,,,
pdd_mdc_06,68,msdrg_982,,,c03W0b016,INTEGER,,Counts for MS-DRG 982,,,,,
pdd_mdc_06,69,msdrg_983,,,c03W0b017,INTEGER,,Counts for MS-DRG 983,,,,,
pdd_mdc_06,70,msdrg_987,,,c03W0b018,INTEGER,,Counts for MS-DRG 987,,,,,
pdd_mdc_06,71,msdrg_988,,,c03W0b019,INTEGER,,Counts for MS-DRG 988,,,,,
pdd_mdc_06,72,msdrg_989,,,c03W0b01a,INTEGER,,Counts for MS-DRG 989,,,,,
,,,,,,,,,,,,,
pdd_mdc_07,1,id,1,,t03W0c,INTEGER,,"MSDRGs counts per hosiptal, per year, for MDC 07",,,,,
pdd_mdc_07,2,oshpd_id,,,c03W0c002,VARCHAR,,OSHPD facility id,,,,,
pdd_mdc_07,3,year,,,c03W0c003,INTEGER,,Year of discharge,c00102003,,,,dates.year
pdd_mdc_07,4,msdrg_003,,,c03W0c004,INTEGER,,Counts for MS-DRG 003,,,,,
pdd_mdc_07,5,msdrg_004,,,c03W0c005,INTEGER,,Counts for MS-DRG 004,,,,,
pdd_mdc_07,6,msdrg_005,,,c03W0c006,INTEGER,,Counts for MS-DRG 005,,,,,
pdd_mdc_07,7,msdrg_006,,,c03W0c007,INTEGER,,Counts for MS-DRG 006,,,,,
pdd_mdc_07,8,msdrg_010,,,c03W0c008,INTEGER,,Counts for MS-DRG 010,,,,,
pdd_mdc_07,9,msdrg_405,,,c03W0c009,INTEGER,,Counts for MS-DRG 405,,,,,
pdd_mdc_07,10,msdrg_406,,,c03W0c00a,INTEGER,,Counts for MS-DRG 406,,,,,
pdd_mdc_07,11,msdrg_407,,,c03W0c00b,INTEGER,,Counts for MS-DRG 407,,,,,
pdd_mdc_07,12,msdrg_408,,,c03W0c00c,INTEGER,,Counts for MS-DRG 408,,,,,
pdd_mdc_07,13,msdrg_409,,,c03W0c00d,INTEGER,,Counts for MS-DRG 409,,,,,
pdd_mdc_07,14,msdrg_410,,,c03W0c00e,INTEGER,,Counts for MS-DRG 410,,,,,
pdd_mdc_07,15,msdrg_411,,,c03W0c00f,INTEGER,,Counts for MS-DRG 411,,,,,
pdd_mdc_07,16,msdrg_412,,,c03W0c00g,INTEGER,,Counts for MS-DRG 412,,,,,
pdd_mdc_07,17,msdrg_413,,,c03W0c00h,INTEGER,,Counts for MS-DRG 413,,,,,
pdd_mdc_07,18,msdrg_414,,,c03W0c00i,INTEGER,,Counts for MS-DRG 414,,,,,
pdd_mdc_07,19,msdrg_415,,,c03W0c00j,INTEGER,,Counts for MS-DRG 415,,,,,
pdd_mdc_07,20,msdrg_416,,,c03W0c00k,INTEGER,,Counts for MS-DRG 416,,,,,
pdd_mdc_07,21,msdrg_417,,,c03W0c00l,INTEGER,,Counts for MS-DRG 417,,,,,
pdd_mdc_07,22,msdrg_418,,,c03W0c00m,INTEGER,,Counts for MS-DRG 418,,,,,
pdd_mdc_07,23,msdrg_419,,,c03W0c00n,INTEGER,,Counts for MS-DRG 419,,,,,
pdd_mdc_07,24,msdrg_420,,,c03W0c00o,INTEGER,,Counts for MS-DRG 420,,,,,
pdd_mdc_07,25,msdrg_421,,,c03W0c00p,INTEGER,,Counts for MS-DRG 421,,,,,
pdd_mdc_07,26,msdrg_422,,,c03W0c00q,INTEGER,,Counts for MS-DRG 422,,,,,
pdd_mdc_07,27,msdrg_423,,,c03W0c00r,INTEGER,,Counts for MS-DRG 423,,,,,
pdd_mdc_07,28,msdrg_424,,,c03W0c00s,INTEGER,,Counts for MS-DRG 424,,,,,
pdd_mdc_07,29,msdrg_425,,,c03W0c00t,INTEGER,,Counts for MS-DRG 425,,,,,
pdd_mdc_07,30,msdrg_432,,,c03W0c00u,INTEGER,,Counts for MS-DRG 432,,,,,
pdd_mdc_07,31,msdrg_433,,,c03W0c00v,INTEGER,,Counts for MS-DRG 433,,,,,
pdd_mdc_07,32,msdrg_434,,,c03W0c00w,INTEGER,,Counts for MS-DRG 434,,,,,
pdd_mdc_07,33,msdrg_435,,,c03W0c00x,INTEGER,,Counts for MS-DRG 435,,,,,
pdd_mdc_07,34,msdrg_436,,,c03W0c00y,INTEGER,,Counts for MS-DRG 436,,,,,
pdd_mdc_07,35,msdrg_437,,,c03W0c00z,INTEGER,,Counts for MS-DRG 437,,,,,
pdd_mdc_07,36,msdrg_438,,,c03W0c00A,INTEGER,,Counts for MS-DRG 438,,,,,
pdd_mdc_07,37,msdrg_439,,,c03W0c00B,INTEGER,,Counts for MS-DRG 439,,,,,
pdd_mdc_07,38,msdrg_440,,,c03W0c00C,INTEGER,,Counts for MS-DRG 440,,,,,
pdd_mdc_07,39,msdrg_441,,,c03W0c00D,INTEGER,,Counts for MS-DRG 441,,,,,
pdd_mdc_07,40,msdrg_442,,,c03W0c00E,INTEGER,,Counts for MS-DRG 442,,,,,
pdd_mdc_07,41,msdrg_443,,,c03W0c00F,INTEGER,,Counts for MS-DRG 443,,,,,
pdd_mdc_07,42,msdrg_444,,,c03W0c00G,INTEGER,,Counts for MS-DRG 444,,,,,
pdd_mdc_07,43,msdrg_445,,,c03W0c00H,INTEGER,,Counts for MS-DRG 445,,,,,
pdd_mdc_07,44,msdrg_446,,,c03W0c00I,INTEGER,,Counts for MS-DRG 446,,,,,
pdd_mdc_07,45,msdrg_981,,,c03W0c00J,INTEGER,,Counts for MS-DRG 981,,,,,
pdd_mdc_07,46,msdrg_982,,,c03W0c00K,INTEGER,,Counts for MS-DRG 982,,,,,
pdd_mdc_07,47,msdrg_983,,,c03W0c00L,INTEGER,,Counts for MS-DRG 983,,,,,
pdd_mdc_07,48,msdrg_987,,,c03W0c00M,INTEGER,,Counts for MS-DRG 987,,,,,
pdd_mdc_07,49,msdrg_988,,,c03W0c00N,INTEGER,,Counts for MS-DRG 988,,,,,
,,,,,,,,,,,,,
pdd_mdc_08,1,id,1,,t03W0d,INTEGER,,"MSDRGs counts per hosiptal, per year, for MDC 08",,,,,
pdd_mdc_08,2,oshpd_id,,,c03W0d002,VARCHAR,,OSHPD facility id,,,,,
pdd_mdc_08,3,year,,,c03W0d003,INTEGER,,Year of discharge,c00102003,,,,dates.year
pdd_mdc_08,4,msdrg_003,,,c03W0d004,INTEGER,,Counts for MS-DRG 003,,,,,
pdd_mdc_08,5,msdrg_004,,,c03W0d005,INTEGER,,Counts for MS-DRG 004,,,,,
pdd_mdc_08,6,msdrg_012,,,c03W0d006,INTEGER,,Counts for MS-DRG 012,,,,,
pdd_mdc_08,7,msdrg_013,,,c03W0d007,INTEGER,,Counts for MS-DRG 013,,,,,
pdd_mdc_08,8,msdrg_453,,,c03W0d008,INTEGER,,Counts for MS-DRG 453,,,,,
pdd_mdc_08,9,msdrg_454,,,c03W0d009,INTEGER,,Counts for MS-DRG 454,,,,,
pdd_mdc_08,10,msdrg_455,,,c03W0d00a,INTEGER,,Counts for MS-DRG 455,,,,,
pdd_mdc_08,11,msdrg_456,,,c03W0d00b,INTEGER,,Counts for MS-DRG 456,,,,,
pdd_mdc_08,12,msdrg_457,,,c03W0d00c,INTEGER,,Counts for MS-DRG 457,,,,,
pdd_mdc_08,13,msdrg_458,,,c03W0d00d,INTEGER,,Counts for MS-DRG 458,,,,,
pdd_mdc_08,14,msdrg_459,,,c03W0d00e,INTEGER,,Counts for MS-DRG 459,,,,,
pdd_mdc_08,15,msdrg_460,,,c03W0d00f,INTEGER,,Counts for MS-DRG 460,,,,,
pdd_mdc_08,16,msdrg_461,,,c03W0d00g,INTEGER,,Counts for MS-DRG 461,,,,,
pdd_mdc_08,17,msdrg_462,,,c03W0d00h,INTEGER,,Counts for MS-DRG 462,,,,,
pdd_mdc_08,18,msdrg_463,,,c03W0d00i,INTEGER,,Counts for MS-DRG 463,,,,,
pdd_mdc_08,19,msdrg_464,,,c03W0d00j,INTEGER,,Counts for MS-DRG 464,,,,,
pdd_mdc_08,20,msdrg_465,,,c03W0d00k,INTEGER,,Counts for MS-DRG 465,,,,,
pdd_mdc_08,21,msdrg_466,,,c03W0d00l,INTEGER,,Counts for MS-DRG 466,,,,,
pdd_mdc_08,22,msdrg_467,,,c03W0d00m,INTEGER,,Counts for MS-DRG 467,,,,,
pdd_mdc_08,23,msdrg_468,,,c03W0d00n,INTEGER,,Counts for MS-DRG 468,,,,,
pdd_mdc_08,24,msdrg_469,,,c03W0d00o,INTEGER,,Counts for MS-DRG 469,,,,,
pdd_mdc_08,25,msdrg_470,,,c03W0d00p,INTEGER,,Counts for MS-DRG 470,,,,,
pdd_mdc_08,26,msdrg_471,,,c03W0d00q,INTEGER,,Counts for MS-DRG 471,,,,,
pdd_mdc_08,27,msdrg_472,,,c03W0d00r,INTEGER,,Counts for MS-DRG 472,,,,,
pdd_mdc_08,28,msdrg_473,,,c03W0d00s,INTEGER,,Counts for MS-DRG 473,,,,,
pdd_mdc_08,29,msdrg_474,,,c03W0d00t,INTEGER,,Counts for MS-DRG 474,,,,,
pdd_mdc_08,30,msdrg_475,,,c03W0d00u,INTEGER,,Counts for MS-DRG 475,,,,,
pdd_mdc_08,31,msdrg_476,,,c03W0d00v,INTEGER,,Counts for MS-DRG 476,,,,,
pdd_mdc_08,32,msdrg_477,,,c03W0d00w,INTEGER,,Counts for MS-DRG 477,,,,,
pdd_mdc_08,33,msdrg_478,,,c03W0d00x,INTEGER,,Counts for MS-DRG 478,,,,,
pdd_mdc_08,34,msdrg_479,,,c03W0d00y,INTEGER,,Counts for MS-DRG 479,,,,,
pdd_mdc_08,35,msdrg_480,,,c03W0d00z,INTEGER,,Counts for MS-DRG 480,,,,,
pdd_mdc_08,36,msdrg_481,,,c03W0d00A,INTEGER,,Counts for MS-DRG 481,,,,,
pdd_mdc_08,37,msdrg_482,,,c03W0d00B,INTEGER,,Counts for MS-DRG 482,,,,,
pdd_mdc_08,38,msdrg_483,,,c03W0d00C,INTEGER,,Counts for MS-DRG 483,,,,,
pdd_mdc_08,39,msdrg_484,,,c03W0d00D,INTEGER,,Counts for MS-DRG 484,,,,,
pdd_mdc_08,40,msdrg_485,,,c03W0d00E,INTEGER,,Counts for MS-DRG 485,,,,,
pdd_mdc_08,41,msdrg_486,,,c03W0d00F,INTEGER,,Counts for MS-DRG 486,,,,,
pdd_mdc_08,42,msdrg_487,,,c03W0d00G,INTEGER,,Counts for MS-DRG 487,,,,,
pdd_mdc_08,43,msdrg_488,,,c03W0d00H,INTEGER,,Counts for MS-DRG 488,,,,,
pdd_mdc_08,44,msdrg_489,,,c03W0d00I,INTEGER,,Counts for MS-DRG 489,,,,,
pdd_mdc_08,45,msdrg_490,,,c03W0d00J,INTEGER,,Counts for MS-DRG 490,,,,,
pdd_mdc_08,46,msdrg_491,,,c03W0d00K,INTEGER,,Counts for MS-DRG 491,,,,,
pdd_mdc_08,47,msdrg_492,,,c03W0d00L,INTEGER,,Counts for MS-DRG 492,,,,,
pdd_mdc_08,48,msdrg_493,,,c03W0d00M,INTEGER,,Counts for MS-DRG 493,,,,,
pdd_mdc_08,49,msdrg_494,,,c03W0d00N,INTEGER,,Counts for MS-DRG 494,,,,,
pdd_mdc_08,50,msdrg_495,,,c03W0d00O,INTEGER,,Counts for MS-DRG 495,,,,,
pdd_mdc_08,51,msdrg_496,,,c03W0d00P,INTEGER,,Counts for MS-DRG 496,,,,,
pdd_mdc_08,52,msdrg_497,,,c03W0d00Q,INTEGER,,Counts for MS-DRG 497,,,,,
pdd_mdc_08,53,msdrg_498,,,c03W0d00R,INTEGER,,Counts for MS-DRG 498,,,,,
pdd_mdc_08,54,msdrg_499,,,c03W0d00S,INTEGER,,Counts for MS-DRG 499,,,,,
pdd_mdc_08,55,msdrg_500,,,c03W0d00T,INTEGER,,Counts for MS-DRG 500,,,,,
pdd_mdc_08,56,msdrg_501,,,c03W0d00U,INTEGER,,Counts for MS-DRG 501,,,,,
pdd_mdc_08,57,msdrg_502,,,c03W0d00V,INTEGER,,Counts for MS-DRG 502,,,,,
pdd_mdc_08,58,msdrg_503,,,c03W0d00W,INTEGER,,Counts for MS-DRG 503,,,,,
pdd_mdc_08,59,msdrg_504,,,c03W0d00X,INTEGER,,Counts for MS-DRG 504,,,,,
pdd_mdc_08,60,msdrg_505,,,c03W0d00Y,INTEGER,,Counts for MS-DRG 505,,,,,
pdd_mdc_08,61,msdrg_506,,,c03W0d00Z,INTEGER,,Counts for MS-DRG 506,,,,,
pdd_mdc_08,62,msdrg_507,,,c03W0d010,INTEGER,,Counts for MS-DRG 507,,,,,
pdd_mdc_08,63,msdrg_508,,,c03W0d011,INTEGER,,Counts for MS-DRG 508,,,,,
pdd_mdc_08,64,msdrg_509,,,c03W0d012,INTEGER,,Counts for MS-DRG 509,,,,,
pdd_mdc_08,65,msdrg_510,,,c03W0d013,INTEGER,,Counts for MS-DRG 510,,,,,
pdd_mdc_08,66,msdrg_511,,,c03W0d014,INTEGER,,Counts for MS-DRG 511,,,,,
pdd_mdc_08,67,msdrg_512,,,c03W0d015,INTEGER,,Counts for MS-DRG 512,,,,,
pdd_mdc_08,68,msdrg_513,,,c03W0d016,INTEGER,,Counts for MS-DRG 513,,,,,
pdd_mdc_08,69,msdrg_514,,,c03W0d017,INTEGER,,Counts for MS-DRG 514,,,,,
pdd_mdc_08,70,msdrg_515,,,c03W0d018,INTEGER,,Counts for MS-DRG 515,,,,,
pdd_mdc_08,71,msdrg_516,,,c03W0d019,INTEGER,,Counts for MS-DRG 516,,,,,
pdd_mdc_08,72,msdrg_517,,,c03W0d01a,INTEGER,,Counts for MS-DRG 517,,,,,
pdd_mdc_08,73,msdrg_533,,,c03W0d01b,INTEGER,,Counts for MS-DRG 533,,,,,
pdd_mdc_08,74,msdrg_534,,,c03W0d01c,INTEGER,,Counts for MS-DRG 534,,,,,
pdd_mdc_08,75,msdrg_535,,,c03W0d01d,INTEGER,,Counts for MS-DRG 535,,,,,
pdd_mdc_08,76,msdrg_536,,,c03W0d01e,INTEGER,,Counts for MS-DRG 536,,,,,
pdd_mdc_08,77,msdrg_537,,,c03W0d01f,INTEGER,,Counts for MS-DRG 537,,,,,
pdd_mdc_08,78,msdrg_538,,,c03W0d01g,INTEGER,,Counts for MS-DRG 538,,,,,
pdd_mdc_08,79,msdrg_539,,,c03W0d01h,INTEGER,,Counts for MS-DRG 539,,,,,
pdd_mdc_08,80,msdrg_540,,,c03W0d01i,INTEGER,,Counts for MS-DRG 540,,,,,
pdd_mdc_08,81,msdrg_541,,,c03W0d01j,INTEGER,,Counts for MS-DRG 541,,,,,
pdd_mdc_08,82,msdrg_542,,,c03W0d01k,INTEGER,,Counts for MS-DRG 542,,,,,
pdd_mdc_08,83,msdrg_543,,,c03W0d01l,INTEGER,,Counts for MS-DRG 543,,,,,
pdd_mdc_08,84,msdrg_544,,,c03W0d01m,INTEGER,,Counts for MS-DRG 544,,,,,
pdd_mdc_08,85,msdrg_545,,,c03W0d01n,INTEGER,,Counts for MS-DRG 545,,,,,
pdd_mdc_08,86,msdrg_546,,,c03W0d01o,INTEGER,,Counts for MS-DRG 546,,,,,
pdd_mdc_08,87,msdrg_547,,,c03W0d01p,INTEGER,,Counts for MS-DRG 547,,,,,
pdd_mdc_08,88,msdrg_548,,,c03W0d01q,INTEGER,,Counts for MS-DRG 548,,,,,
pdd_mdc_08,89,msdrg_549,,,c03W0d01r,INTEGER,,Counts for MS-DRG 549,,,,,
pdd_mdc_08,90,msdrg_550,,,c03W0d01s,INTEGER,,Counts for MS-DRG 550,,,,,
pdd_mdc_08,91,msdrg_551,,,c03W0d01t,INTEGER,,Counts for MS-DRG 551,,,,,
pdd_mdc_08,92,msdrg_552,,,c03W0d01u,INTEGER,,Counts for MS-DRG 552,,,,,
pdd_mdc_08,93,msdrg_553,,,c03W0d01v,INTEGER,,Counts for MS-DRG 553,,,,,
pdd_mdc_08,94,msdrg_554,,,c03W0d01w,INTEGER,,Counts for MS-DRG 554,,,,,
pdd_mdc_08,95,msdrg_555,,,c03W0d01x,INTEGER,,Counts for MS-DRG 555,,,,,
pdd_mdc_08,96,msdrg_556,,,c03W0d01y,INTEGER,,Counts for MS-DRG 556,,,,,
pdd_mdc_08,97,msdrg_557,,,c03W0d01z,INTEGER,,Counts for MS-DRG 557,,,,,
pdd_mdc_08,98,msdrg_558,,,c03W0d01A,INTEGER,,Counts for MS-DRG 558,,,,,
pdd_mdc_08,99,msdrg_559,,,c03W0d01B,INTEGER,,Counts for MS-DRG 559,,,,,
pdd_mdc_08,100,msdrg_560,,,c03W0d01C,INTEGER,,Counts for MS-DRG 560,,,,,
pdd_mdc_08,101,msdrg_561,,,c03W0d01D,INTEGER,,Counts for MS-DRG 561,,,,,
pdd_mdc_08,102,msdrg_562,,,c03W0d01E,INTEGER,,Counts for MS-DRG 562,,,,,
pdd_mdc_08,103,msdrg_563,,,c03W0d01F,INTEGER,,Counts for MS-DRG 563,,,,,
pdd_mdc_08,104,msdrg_564,,,c03W0d01G,INTEGER,,Counts for MS-DRG 564,,,,,
pdd_mdc_08,105,msdrg_565,,,c03W0d01H,INTEGER,,Counts for MS-DRG 565,,,,,
pdd_mdc_08,106,msdrg_566,,,c03W0d01I,INTEGER,,Counts for MS-DRG 566,,,,,
pdd_mdc_08,107,msdrg_981,,,c03W0d01J,INTEGER,,Counts for MS-DRG 981,,,,,
pdd_mdc_08,108,msdrg_982,,,c03W0d01K,INTEGER,,Counts for MS-DRG 982,,,,,
pdd_mdc_08,109,msdrg_983,,,c03W0d01L,INTEGER,,Counts for MS-DRG 983,,,,,
pdd_mdc_08,110,msdrg_987,,,c03W0d01M,INTEGER,,Counts for MS-DRG 987,,,,,
pdd_mdc_08,111,msdrg_989,,,c03W0d01N,INTEGER,,Counts for MS-DRG 989,,,,,
,,,,,,,,,,,,,
pdd_mdc_09,1,id,1,,t03W0e,INTEGER,,"MSDRGs counts per hosiptal, per year, for MDC 09",,,,,
pdd_mdc_09,2,oshpd_id,,,c03W0e002,VARCHAR,,OSHPD facility id,,,,,
pdd_mdc_09,3,year,,,c03W0e003,INTEGER,,Year of discharge,c00102003,,,,dates.year
pdd_mdc_09,4,msdrg_001,,,c03W0e004,INTEGER,,Counts for MS-DRG 001,,,,,
pdd_mdc_09,5,msdrg_003,,,c03W0e005,INTEGER,,Counts for MS-DRG 003,,,,,
pdd_mdc_09,6,msdrg_004,,,c03W0e006,INTEGER,,Counts for MS-DRG 004,,,,,
pdd_mdc_09,7,msdrg_011,,,c03W0e007,INTEGER,,Counts for MS-DRG 011,,,,,
pdd_mdc_09,8,msdrg_012,,,c03W0e008,INTEGER,,Counts for MS-DRG 012,,,,,
pdd_mdc_09,9,msdrg_570,,,c03W0e009,INTEGER,,Counts for MS-DRG 570,,,,,
pdd_mdc_09,10,msdrg_571,,,c03W0e00a,INTEGER,,Counts for MS-DRG 571,,,,,
pdd_mdc_09,11,msdrg_572,,,c03W0e00b,INTEGER,,Counts for MS-DRG 572,,,,,
pdd_mdc_09,12,msdrg_573,,,c03W0e00c,INTEGER,,Counts for MS-DRG 573,,,,,
pdd_mdc_09,13,msdrg_574,,,c03W0e00d,INTEGER,,Counts for MS-DRG 574,,,,,
pdd_mdc_09,14,msdrg_575,,,c03W0e00e,INTEGER,,Counts for MS-DRG 575,,,,,
pdd_mdc_09,15,msdrg_576,,,c03W0e00f,INTEGER,,Counts for MS-DRG 576,,,,,
pdd_mdc_09,16,msdrg_577,,,c03W0e00g,INTEGER,,Counts for MS-DRG 577,,,,,
pdd_mdc_09,17,msdrg_578,,,c03W0e00h,INTEGER,,Counts for MS-DRG 578,,,,,
pdd_mdc_09,18,msdrg_579,,,c03W0e00i,INTEGER,,Counts for MS-DRG 579,,,,,
pdd_mdc_09,19,msdrg_580,,,c03W0e00j,INTEGER,,Counts for MS-DRG 580,,,,,
pdd_mdc_09,20,msdrg_581,,,c03W0e00k,INTEGER,,Counts for MS-DRG 581,,,,,
pdd_mdc_09,21,msdrg_582,,,c03W0e00l,INTEGER,,Counts for MS-DRG 582,,,,,
pdd_mdc_09,22,msdrg_583,,,c03W0e00m,INTEGER,,Counts for MS-DRG 583,,,,,
pdd_mdc_09,23,msdrg_584,,,c03W0e00n,INTEGER,,Counts for MS-DRG 584,,,,,
pdd_mdc_09,24,msdrg_585,,,c03W0e00o,INTEGER,,Counts for MS-DRG 585,,,,,
pdd_mdc_09,25,msdrg_592,,,c03W0e00p,INTEGER,,Counts for MS-DRG 592,,,,,
pdd_mdc_09,26,msdrg_593,,,c03W0e00q,INTEGER,,Counts for MS-DRG 593,,,,,
pdd_mdc_09,27,msdrg_594,,,c03W0e00r,INTEGER,,Counts for MS-DRG 594,,,,,
pdd_mdc_09,28,msdrg_595,,,c03W0e00s,INTEGER,,Counts for MS-DRG 595,,,,,
pdd_mdc_09,29,msdrg_596,,,c03W0e00t,INTEGER,,Counts for MS-DRG 596,,,,,
pdd_mdc_09,30,msdrg_597,,,c03W0e00u,INTEGER,,Counts for MS-DRG 597,,,,,
pdd_mdc_09,31,msdrg_598,,,c03W0e00v,INTEGER,,Counts for MS-DRG 598,,,,,
pdd_mdc_09,32,msdrg_599,,,c03W0e00w,INTEGER,,Counts for MS-DRG 599,,,,,
pdd_mdc_09,33,msdrg_600,,,c03W0e00x,INTEGER,,Counts for MS-DRG 600,,,,,
pdd_mdc_09,34,msdrg_601,,,c03W0e00y,INTEGER,,Counts for MS-DRG 601,,,,,
pdd_mdc_09,35,msdrg_602,,,c03W0e00z,INTEGER,,Counts for MS-DRG 602,,,,,
pdd_mdc_09,36,msdrg_603,,,c03W0e00A,INTEGER,,Counts for MS-DRG 603,,,,,
pdd_mdc_09,37,msdrg_604,,,c03W0e00B,INTEGER,,Counts for MS-DRG 604,,,,,
pdd_mdc_09,38,msdrg_605,,,c03W0e00C,INTEGER,,Counts for MS-DRG 605,,,,,
pdd_mdc_09,39,msdrg_606,,,c03W0e00D,INTEGER,,Counts for MS-DRG 606,,,,,
pdd_mdc_09,40,msdrg_607,,,c03W0e00E,INTEGER,,Counts for MS-DRG 607,,,,,
pdd_mdc_09,41,msdrg_981,,,c03W0e00F,INTEGER,,Counts for MS-DRG 981,,,,,
pdd_mdc_09,42,msdrg_982,,,c03W0e00G,INTEGER,,Counts for MS-DRG 982,,,,,
pdd_mdc_09,43,msdrg_983,,,c03W0e00H,INTEGER,,Counts for MS-DRG 983,,,,,
pdd_mdc_09,44,msdrg_987,,,c03W0e00I,INTEGER,,Counts for MS-DRG 987,,,,,
pdd_mdc_09,45,msdrg_988,,,c03W0e00J,INTEGER,,Counts for MS-DRG 988,,,,,
pdd_mdc_09,46,msdrg_989,,,c03W0e00K,INTEGER,,Counts for MS-DRG 989,,,,,
,,,,,,,,,,,,,
pdd_mdc_10,1,id,1,,t03W0f,INTEGER,,"MSDRGs counts per hosiptal, per year, for MDC 10",,,,,
pdd_mdc_10,2,oshpd_id,,,c03W0f002,VARCHAR,,OSHPD facility id,,,,,
pdd_mdc_10,3,year,,,c03W0f003,INTEGER,,Year of discharge,c00102003,,,,dates.year
pdd_mdc_10,4,msdrg_003,,,c03W0f004,INTEGER,,Counts for MS-DRG 003,,,,,
pdd_mdc_10,5,msdrg_004,,,c03W0f005,INTEGER,,Counts for MS-DRG 004,,,,,
pdd_mdc_10,6,msdrg_005,,,c03W0f006,INTEGER,,Counts for MS-DRG 005,,,,,
pdd_mdc_10,7,msdrg_006,,,c03W0f007,INTEGER,,Counts for MS-DRG 006,,,,,
pdd_mdc_10,8,msdrg_007,,,c03W0f008,INTEGER,,Counts for MS-DRG 007,,,,,
pdd_mdc_10,9,msdrg_009,,,c03W0f009,INTEGER,,Counts for MS-DRG 009,,,,,
pdd_mdc_10,10,msdrg_011,,,c03W0f00a,INTEGER,,Counts for MS-DRG 011,,,,,
pdd_mdc_10,11,msdrg_012,,,c03W0f00b,INTEGER,,Counts for MS-DRG 012,,,,,
pdd_mdc_10,12,msdrg_014,,,c03W0f00c,INTEGER,,Counts for MS-DRG 014,,,,,
pdd_mdc_10,13,msdrg_016,,,c03W0f00d,INTEGER,,Counts for MS-DRG 016,,,,,
pdd_mdc_10,14,msdrg_614,,,c03W0f00e,INTEGER,,Counts for MS-DRG 614,,,,,
pdd_mdc_10,15,msdrg_615,,,c03W0f00f,INTEGER,,Counts for MS-DRG 615,,,,,
pdd_mdc_10,16,msdrg_616,,,c03W0f00g,INTEGER,,Counts for MS-DRG 616,,,,,
pdd_mdc_10,17,msdrg_617,,,c03W0f00h,INTEGER,,Counts for MS-DRG 617,,,,,
pdd_mdc_10,18,msdrg_618,,,c03W0f00i,INTEGER,,Counts for MS-DRG 618,,,,,
pdd_mdc_10,19,msdrg_619,,,c03W0f00j,INTEGER,,Counts for MS-DRG 619,,,,,
pdd_mdc_10,20,msdrg_620,,,c03W0f00k,INTEGER,,Counts for MS-DRG 620,,,,,
pdd_mdc_10,21,msdrg_621,,,c03W0f00l,INTEGER,,Counts for MS-DRG 621,,,,,
pdd_mdc_10,22,msdrg_622,,,c03W0f00m,INTEGER,,Counts for MS-DRG 622,,,,,
pdd_mdc_10,23,msdrg_623,,,c03W0f00n,INTEGER,,Counts for MS-DRG 623,,,,,
pdd_mdc_10,24,msdrg_624,,,c03W0f00o,INTEGER,,Counts for MS-DRG 624,,,,,
pdd_mdc_10,25,msdrg_625,,,c03W0f00p,INTEGER,,Counts for MS-DRG 625,,,,,
pdd_mdc_10,26,msdrg_626,,,c03W0f00q,INTEGER,,Counts for MS-DRG 626,,,,,
pdd_mdc_10,27,msdrg_627,,,c03W0f00r,INTEGER,,Counts for MS-DRG 627,,,,,
pdd_mdc_10,28,msdrg_628,,,c03W0f00s,INTEGER,,Counts for MS-DRG 628,,,,,
pdd_mdc_10,29,msdrg_629,,,c03W0f00t,INTEGER,,Counts for MS-DRG 629,,,,,
pdd_mdc_10,30,msdrg_630,,,c03W0f00u,INTEGER,,Counts for MS-DRG 630,,,,,
pdd_mdc_10,31,msdrg_637,,,c03W0f00v,INTEGER,,Counts for MS-DRG 637,,,,,
pdd_mdc_10,32,msdrg_638,,,c03W0f00w,INTEGER,,Counts for MS-DRG 638,,,,,
pdd_mdc_10,33,msdrg_639,,,c03W0f00x,INTEGER,,Counts for MS-DRG 639,,,,,
pdd_mdc_10,34,msdrg_640,,,c03W0f00y,INTEGER,,Counts for MS-DRG 640,,,,,
pdd_mdc_10,35,msdrg_641,,,c03W0f00z,INTEGER,,Counts for MS-DRG 641,,,,,
pdd_mdc_10,36,msdrg_642,,,c03W0f00A,INTEGER,,Counts for MS-DRG 642,,,,,
pdd_mdc_10,37,msdrg_643,,,c03W0f00B,INTEGER,,Counts for MS-DRG 643,,,,,
pdd_mdc_10,38,msdrg_644,,,c03W0f00C,INTEGER,,Counts for MS-DRG 644,,,,,
pdd_mdc_10,39,msdrg_645,,,c03W0f00D,INTEGER,,Counts for MS-DRG 645,,,,,
pdd_mdc_10,40,msdrg_981,,,c03W0f00E,INTEGER,,Counts for MS-DRG 981,,,,,
pdd_mdc_10,41,msdrg_982,,,c03W0f00F,INTEGER,,Counts for MS-DRG 982,,,,,
pdd_mdc_10,42,msdrg_983,,,c03W0f00G,INTEGER,,Counts for MS-DRG 983,,,,,
pdd_mdc_10,43,msdrg_984,,,c03W0f00H,INTEGER,,Counts for MS-DRG 984,,,,,
pdd_mdc_10,44,msdrg_985,,,c03W0f00I,INTEGER,,Counts for MS-DRG 985,,,,,
pdd_mdc_10,45,msdrg_986,,,c03W0f00J,INTEGER,,Counts for MS-DRG 986,,,,,
pdd_mdc_10,46,msdrg_987,,,c03W0f00K,INTEGER,,Counts for MS-DRG 987,,,,,
pdd_mdc_10,47,msdrg_988,,,c03W0f00L,INTEGER,,Counts for MS-DRG 988,,,,,
pdd_mdc_10,48,msdrg_989,,,c03W0f00M,INTEGER,,Counts for MS-DRG 989,,,,,
,,,,,,,,,,,,,
pdd_mdc_11,1,id,1,,t03W0g,INTEGER,,"MSDRGs counts per hosiptal, per year, for MDC 11",,,,,
pdd_mdc_11,2,oshpd_id,,,c03W0g002,VARCHAR,,OSHPD facility id,,,,,
pdd_mdc_11,3,year,,,c03W0g003,INTEGER,,Year of discharge,c00102003,,,,dates.year
pdd_mdc_11,4,msdrg_003,,,c03W0g004,INTEGER,,Counts for MS-DRG 003,,,,,
pdd_mdc_11,5,msdrg_004,,,c03W0g005,INTEGER,,Counts for MS-DRG 004,,,,,
pdd_mdc_11,6,msdrg_005,,,c03W0g006,INTEGER,,Counts for MS-DRG 005,,,,,
pdd_mdc_11,7,msdrg_008,,,c03W0g007,INTEGER,,Counts for MS-DRG 008,,,,,
pdd_mdc_11,8,msdrg_010,,,c03W0g008,INTEGER,,Counts for MS-DRG 010,,,,,
pdd_mdc_11,9,msdrg_016,,,c03W0g009,INTEGER,,Counts for MS-DRG 016,,,,,
pdd_mdc_11,10,msdrg_652,,,c03W0g00a,INTEGER,,Counts for MS-DRG 652,,,,,
pdd_mdc_11,11,msdrg_653,,,c03W0g00b,INTEGER,,Counts for MS-DRG 653,,,,,
pdd_mdc_11,12,msdrg_654,,,c03W0g00c,INTEGER,,Counts for MS-DRG 654,,,,,
pdd_mdc_11,13,msdrg_655,,,c03W0g00d,INTEGER,,Counts for MS-DRG 655,,,,,
pdd_mdc_11,14,msdrg_656,,,c03W0g00e,INTEGER,,Counts for MS-DRG 656,,,,,
pdd_mdc_11,15,msdrg_657,,,c03W0g00f,INTEGER,,Counts for MS-DRG 657,,,,,
pdd_mdc_11,16,msdrg_658,,,c03W0g00g,INTEGER,,Counts for MS-DRG 658,,,,,
pdd_mdc_11,17,msdrg_659,,,c03W0g00h,INTEGER,,Counts for MS-DRG 659,,,,,
pdd_mdc_11,18,msdrg_660,,,c03W0g00i,INTEGER,,Counts for MS-DRG 660,,,,,
pdd_mdc_11,19,msdrg_661,,,c03W0g00j,INTEGER,,Counts for MS-DRG 661,,,,,
pdd_mdc_11,20,msdrg_662,,,c03W0g00k,INTEGER,,Counts for MS-DRG 662,,,,,
pdd_mdc_11,21,msdrg_663,,,c03W0g00l,INTEGER,,Counts for MS-DRG 663,,,,,
pdd_mdc_11,22,msdrg_664,,,c03W0g00m,INTEGER,,Counts for MS-DRG 664,,,,,
pdd_mdc_11,23,msdrg_665,,,c03W0g00n,INTEGER,,Counts for MS-DRG 665,,,,,
pdd_mdc_11,24,msdrg_666,,,c03W0g00o,INTEGER,,Counts for MS-DRG 666,,,,,
pdd_mdc_11,25,msdrg_667,,,c03W0g00p,INTEGER,,Counts for MS-DRG 667,,,,,
pdd_mdc_11,26,msdrg_668,,,c03W0g00q,INTEGER,,Counts for MS-DRG 668,,,,,
pdd_mdc_11,27,msdrg_669,,,c03W0g00r,INTEGER,,Counts for MS-DRG 669,,,,,
pdd_mdc_11,28,msdrg_670,,,c03W0g00s,INTEGER,,Counts for MS-DRG 670,,,,,
pdd_mdc_11,29,msdrg_671,,,c03W0g00t,INTEGER,,Counts for MS-DRG 671,,,,,
pdd_mdc_11,30,msdrg_672,,,c03W0g00u,INTEGER,,Counts for MS-DRG 672,,,,,
pdd_mdc_11,31,msdrg_673,,,c03W0g00v,INTEGER,,Counts for MS-DRG 673,,,,,
pdd_mdc_11,32,msdrg_674,,,c03W0g00w,INTEGER,,Counts for MS-DRG 674,,,,,
pdd_mdc_11,33,msdrg_675,,,c03W0g00x,INTEGER,,Counts for MS-DRG 675,,,,,
pdd_mdc_11,34,msdrg_682,,,c03W0g00y,INTEGER,,Counts for MS-DRG 682,,,,,
pdd_mdc_11,35,msdrg_683,,,c03W0g00z,INTEGER,,Counts for MS-DRG 683,,,,,
pdd_mdc_11,36,msdrg_684,,,c03W0g00A,INTEGER,,Counts for MS-DRG 684,,,,,
pdd_mdc_11,37,msdrg_685,,,c03W0g00B,INTEGER,,Counts for MS-DRG 685,,,,,
pdd_mdc_11,38,msdrg_686,,,c03W0g00C,INTEGER,,Counts for MS-DRG 686,,,,,
pdd_mdc_11,39,msdrg_687,,,c03W0g00D,INTEGER,,Counts for MS-DRG 687,,,,,
pdd_mdc_11,40,msdrg_688,,,c03W0g00E,INTEGER,,Counts for MS-DRG 688,,,,,
pdd_mdc_11,41,msdrg_689,,,c03W0g00F,INTEGER,,Counts for MS-DRG 689,,,,,
pdd_mdc_11,42,msdrg_690,,,c03W0g00G,INTEGER,,Counts for MS-DRG 690,,,,,
pdd_mdc_11,43,msdrg_691,,,c03W0g00H,INTEGER,,Counts for MS-DRG 691,,,,,
pdd_mdc_11,44,msdrg_692,,,c03W0g00I,INTEGER,,Counts for MS-DRG 692,,,,,
pdd_mdc_11,45,msdrg_693,,,c03W0g00J,INTEGER,,Counts for MS-DRG 693,,,,,
pdd_mdc_11,46,msdrg_694,,,c03W0g00K,INTEGER,,Counts for MS-DRG 694,,,,,
pdd_mdc_11,47,msdrg_695,,,c03W0g00L,INTEGER,,Counts for MS-DRG 695,,,,,
pdd_mdc_11,48,msdrg_696,,,c03W0g00M,INTEGER,,Counts for MS-DRG 696,,,,,
pdd_mdc_11,49,msdrg_697,,,c03W0g00N,INTEGER,,Counts for MS-DRG 697,,,,,
pdd_mdc_11,50,msdrg_698,,,c03W0g00O,INTEGER,,Counts for MS-DRG 698,,,,,
pdd_mdc_11,51,msdrg_699,,,c03W0g00P,INTEGER,,Counts for MS-DRG 699,,,,,
pdd_mdc_11,52,msdrg_700,,,c03W0g00Q,INTEGER,,Counts for MS-DRG 700,,,,,
pdd_mdc_11,53,msdrg_981,,,c03W0g00R,INTEGER,,Counts for MS-DRG 981,,,,,
pdd_mdc_11,54,msdrg_982,,,c03W0g00S,INTEGER,,Counts for MS-DRG 982,,,,,
pdd_mdc_11,55,msdrg_983,,,c03W0g00T,INTEGER,,Counts for MS-DRG 983,,,,,
pdd_mdc_11,56,msdrg_986,,,c03W0g00U,INTEGER,,Counts for MS-DRG 986,,,,,
pdd_mdc_11,57,msdrg_987,,,c03W0g00V,INTEGER,,Counts for MS-DRG 987,,,,,
pdd_mdc_11,58,msdrg_988,,,c03W0g00W,INTEGER,,Counts for MS-DRG 988,,,,,
pdd_mdc_11,59,msdrg_989,,,c03W0g00X,INTEGER,,Counts for MS-DRG 989,,,,,
,,,,,,,,,,,,,
pdd_mdc_12,1,id,1,,t03W0h,INTEGER,,"MSDRGs counts per hosiptal, per year, for MDC 12",,,,,
pdd_mdc_12,2,oshpd_id,,,c03W0h002,VARCHAR,,OSHPD facility id,,,,,
pdd_mdc_12,3,year,,,c03W0h003,INTEGER,,Year of discharge,c00102003,,,,dates.year
pdd_mdc_12,4,msdrg_003,,,c03W0h004,INTEGER,,Counts for MS-DRG 003,,,,,
pdd_mdc_12,5,msdrg_004,,,c03W0h005,INTEGER,,Counts for MS-DRG 004,,,,,
pdd_mdc_12,6,msdrg_009,,,c03W0h006,INTEGER,,Counts for MS-DRG 009,,,,,
pdd_mdc_12,7,msdrg_015,,,c03W0h007,INTEGER,,Counts for MS-DRG 015,,,,,
pdd_mdc_12,8,msdrg_016,,,c03W0h008,INTEGER,,Counts for MS-DRG 016,,,,,
pdd_mdc_12,9,msdrg_707,,,c03W0h009,INTEGER,,Counts for MS-DRG 707,,,,,
pdd_mdc_12,10,msdrg_708,,,c03W0h00a,INTEGER,,Counts for MS-DRG 708,,,,,
pdd_mdc_12,11,msdrg_709,,,c03W0h00b,INTEGER,,Counts for MS-DRG 709,,,,,
pdd_mdc_12,12,msdrg_710,,,c03W0h00c,INTEGER,,Counts for MS-DRG 710,,,,,
pdd_mdc_12,13,msdrg_711,,,c03W0h00d,INTEGER,,Counts for MS-DRG 711,,,,,
pdd_mdc_12,14,msdrg_712,,,c03W0h00e,INTEGER,,Counts for MS-DRG 712,,,,,
pdd_mdc_12,15,msdrg_713,,,c03W0h00f,INTEGER,,Counts for MS-DRG 713,,,,,
pdd_mdc_12,16,msdrg_714,,,c03W0h00g,INTEGER,,Counts for MS-DRG 714,,,,,
pdd_mdc_12,17,msdrg_715,,,c03W0h00h,INTEGER,,Counts for MS-DRG 715,,,,,
pdd_mdc_12,18,msdrg_716,,,c03W0h00i,INTEGER,,Counts for MS-DRG 716,,,,,
pdd_mdc_12,19,msdrg_717,,,c03W0h00j,INTEGER,,Counts for MS-DRG 717,,,,,
pdd_mdc_12,20,msdrg_718,,,c03W0h00k,INTEGER,,Counts for MS-DRG 718,,,,,
pdd_mdc_12,21,msdrg_722,,,c03W0h00l,INTEGER,,Counts for MS-DRG 722,,,,,
pdd_mdc_12,22,msdrg_723,,,c03W0h00m,INTEGER,,Counts for MS-DRG 723,,,,,
pdd_mdc_12,23,msdrg_724,,,c03W0h00n,INTEGER,,Counts for MS-DRG 724,,,,,
pdd_mdc_12,24,msdrg_725,,,c03W0h00o,INTEGER,,Counts for MS-DRG 725,,,,,
pdd_mdc_12,25,msdrg_726,,,c03W0h00p,INTEGER,,Counts for MS-DRG 726,,,,,
pdd_mdc_12,26,msdrg_727,,,c03W0h00q,INTEGER,,Counts for MS-DRG 727,,,,,
pdd_mdc_12,27,msdrg_728,,,c03W0h00r,INTEGER,,Counts for MS-DRG 728,,,,,
pdd_mdc_12,28,msdrg_729,,,c03W0h00s,INTEGER,,Counts for MS-DRG 729,,,,,
pdd_mdc_12,29,msdrg_730,,,c03W0h00t,INTEGER,,Counts for MS-DRG 730,,,,,
pdd_mdc_12,30,msdrg_981,,,c03W0h00u,INTEGER,,Counts for MS-DRG 981,,,,,
pdd_mdc_12,31,msdrg_982,,,c03W0h00v,INTEGER,,Counts for MS-DRG 982,,,,,
pdd_mdc_12,32,msdrg_983,,,c03W0h00w,INTEGER,,Counts for MS-DRG 983,,,,,
pdd_mdc_12,33,msdrg_987,,,c03W0h00x,INTEGER,,Counts for MS-DRG 987,,,,,
pdd_mdc_12,34,msdrg_988,,,c03W0h00y,INTEGER,,Counts for MS-DRG 988,,,,,
pdd_mdc_12,35,msdrg_989,,,c03W0h00z,INTEGER,,Counts for MS-DRG 989,,,,,
,,,,,,,,,,,,,
pdd_mdc_13,1,id,1,,t03W0i,INTEGER,,"MSDRGs counts per hosiptal, per year, for MDC 13",,,,,
pdd_mdc_13,2,oshpd_id,,,c03W0i002,VARCHAR,,OSHPD facility id,,,,,
pdd_mdc_13,3,year,,,c03W0i003,INTEGER,,Year of discharge,c00102003,,,,dates.year
pdd_mdc_13,4,msdrg_003,,,c03W0i004,INTEGER,,Counts for MS-DRG 003,,,,,
pdd_mdc_13,5,msdrg_734,,,c03W0i005,INTEGER,,Counts for MS-DRG 734,,,,,
pdd_mdc_13,6,msdrg_735,,,c03W0i006,INTEGER,,Counts for MS-DRG 735,,,,,
pdd_mdc_13,7,msdrg_736,,,c03W0i007,INTEGER,,Counts for MS-DRG 736,,,,,
pdd_mdc_13,8,msdrg_737,,,c03W0i008,INTEGER,,Counts for MS-DRG 737,,,,,
pdd_mdc_13,9,msdrg_738,,,c03W0i009,INTEGER,,Counts for MS-DRG 738,,,,,
pdd_mdc_13,10,msdrg_739,,,c03W0i00a,INTEGER,,Counts for MS-DRG 739,,,,,
pdd_mdc_13,11,msdrg_740,,,c03W0i00b,INTEGER,,Counts for MS-DRG 740,,,,,
pdd_mdc_13,12,msdrg_741,,,c03W0i00c,INTEGER,,Counts for MS-DRG 741,,,,,
pdd_mdc_13,13,msdrg_742,,,c03W0i00d,INTEGER,,Counts for MS-DRG 742,,,,,
pdd_mdc_13,14,msdrg_743,,,c03W0i00e,INTEGER,,Counts for MS-DRG 743,,,,,
pdd_mdc_13,15,msdrg_744,,,c03W0i00f,INTEGER,,Counts for MS-DRG 744,,,,,
pdd_mdc_13,16,msdrg_745,,,c03W0i00g,INTEGER,,Counts for MS-DRG 745,,,,,
pdd_mdc_13,17,msdrg_746,,,c03W0i00h,INTEGER,,Counts for MS-DRG 746,,,,,
pdd_mdc_13,18,msdrg_747,,,c03W0i00i,INTEGER,,Counts for MS-DRG 747,,,,,
pdd_mdc_13,19,msdrg_748,,,c03W0i00j,INTEGER,,Counts for MS-DRG 748,,,,,
pdd_mdc_13,20,msdrg_749,,,c03W0i00k,INTEGER,,Counts for MS-DRG 749,,,,,
pdd_mdc_13,21,msdrg_750,,,c03W0i00l,INTEGER,,Counts for MS-DRG 750,,,,,
pdd_mdc_13,22,msdrg_754,,,c03W0i00m,INTEGER,,Counts for MS-DRG 754,,,,,
pdd_mdc_13,23,msdrg_755,,,c03W0i00n,INTEGER,,Counts for MS-DRG 755,,,,,
pdd_mdc_13,24,msdrg_756,,,c03W0i00o,INTEGER,,Counts for MS-DRG 756,,,,,
pdd_mdc_13,25,msdrg_757,,,c03W0i00p,INTEGER,,Counts for MS-DRG 757,,,,,
pdd_mdc_13,26,msdrg_758,,,c03W0i00q,INTEGER,,Counts for MS-DRG 758,,,,,
pdd_mdc_13,27,msdrg_759,,,c03W0i00r,INTEGER,,Counts for MS-DRG 759,,,,,
pdd_mdc_13,28,msdrg_760,,,c03W0i00s,INTEGER,,Counts for MS-DRG 760,,,,,
pdd_mdc_13,29,msdrg_761,,,c03W0i00t,INTEGER,,Counts for MS-DRG 761,,,,,
pdd_mdc_13,30,msdrg_981,,,c03W0i00u,INTEGER,,Counts for MS-DRG 981,,,,,
pdd_mdc_13,31,msdrg_982,,,c03W0i00v,INTEGER,,Counts for MS-DRG 982,,,,,
pdd_mdc_13,32,msdrg_983,,,c03W0i00w,INTEGER,,Counts for MS-DRG 983,,,,,
pdd_mdc_13,33,msdrg_987,,,c03W0i00x,INTEGER,,Counts for MS-DRG 987,,,,,
pdd_mdc_13,34,msdrg_988,,,c03W0i00y,INTEGER,,Counts for MS-DRG 988,,,,,
pdd_mdc_13,35,msdrg_989,,,c03W0i00z,INTEGER,,Counts for MS-DRG 989,,,,,
,,,,,,,,,,,,,
pdd_mdc_14,1,id,1,,t03W0j,INTEGER,,"MSDRGs counts per hosiptal, per year, for MDC 14",,,,,
pdd_mdc_14,2,oshpd_id,,,c03W0j002,VARCHAR,,OSHPD facility id,,,,,
pdd_mdc_14,3,year,,,c03W0j003,INTEGER,,Year of discharge,c00102003,,,,dates.year
pdd_mdc_14,4,msdrg_765,,,c03W0j004,INTEGER,,Counts for MS-DRG 765,,,,,
pdd_mdc_14,5,msdrg_766,,,c03W0j005,INTEGER,,Counts for MS-DRG 766,,,,,
pdd_mdc_14,6,msdrg_767,,,c03W0j006,INTEGER,,Counts for MS-DRG 767,,,,,
pdd_mdc_14,7,msdrg_768,,,c03W0j007,INTEGER,,Counts for MS-DRG 768,,,,,
pdd_mdc_14,8,msdrg_769,,,c03W0j008,INTEGER,,Counts for MS-DRG 769,,,,,
pdd_mdc_14,9,msdrg_770,,,c03W0j009,INTEGER,,Counts for MS-DRG 770,,,,,
pdd_mdc_14,10,msdrg_774,,,c03W0j00a,INTEGER,,Counts for MS-DRG 774,,,,,
pdd_mdc_14,11,msdrg_775,,,c03W0j00b,INTEGER,,Counts for MS-DRG 775,,,,,
pdd_mdc_14,12,msdrg_776,,,c03W0j00c,INTEGER,,Counts for MS-DRG 776,,,,,
pdd_mdc_14,13,msdrg_777,,,c03W0j00d,INTEGER,,Counts for MS-DRG 777,,,,,
pdd_mdc_14,14,msdrg_778,,,c03W0j00e,INTEGER,,Counts for MS-DRG 778,,,,,
pdd_mdc_14,15,msdrg_779,,,c03W0j00f,INTEGER,,Counts for MS-DRG 779,,,,,
pdd_mdc_14,16,msdrg_780,,,c03W0j00g,INTEGER,,Counts for MS-DRG 780,,,,,
pdd_mdc_14,17,msdrg_781,,,c03W0j00h,INTEGER,,Counts for MS-DRG 781,,,,,
pdd_mdc_14,18,msdrg_782,,,c03W0j00i,INTEGER,,Counts for MS-DRG 782,,,,,
pdd_mdc_14,19,msdrg_982,,,c03W0j00j,INTEGER,,Counts for MS-DRG 982,,,,,
pdd_mdc_14,20,msdrg_987,,,c03W0j00k,INTEGER,,Counts for MS-DRG 987,,,,,
pdd_mdc_14,21,msdrg_988,,,c03W0j00l,INTEGER,,Counts for MS-DRG 988,,,,,
pdd_mdc_14,22,msdrg_989,,,c03W0j00m,INTEGER,,Counts for MS-DRG 989,,,,,
pdd_mdc_14,23,msdrg_998,,,c03W0j00n,INTEGER,,Counts for MS-DRG 998,,,,,
,,,,,,,,,,,,,
pdd_mdc_15,1,id,1,,t03W0k,INTEGER,,"MSDRGs counts per hosiptal, per year, for MDC 15",,,,,
pdd_mdc_15,2,oshpd_id,,,c03W0k002,VARCHAR,,OSHPD facility id,,,,,
pdd_mdc_15,3,year,,,c03W0k003,INTEGER,,Year of discharge,c00102003,,,,dates.year
pdd_mdc_15,4,msdrg_003,,,c03W0k004,INTEGER,,Counts for MS-DRG 003,,,,,
pdd_mdc_15,5,msdrg_789,,,c03W0k005,INTEGER,,Counts for MS-DRG 789,,,,,
pdd_mdc_15,6,msdrg_790,,,c03W0k006,INTEGER,,Counts for MS-DRG 790,,,,,
pdd_mdc_15,7,msdrg_791,,,c03W0k007,INTEGER,,Counts for MS-DRG 791,,,,,
pdd_mdc_15,8,msdrg_792,,,c03W0k008,INTEGER,,Counts for MS-DRG 792,,,,,
pdd_mdc_15,9,msdrg_793,,,c03W0k009,INTEGER,,Counts for MS-DRG 793,,,,,
pdd_mdc_15,10,msdrg_794,,,c03W0k00a,INTEGER,,Counts for MS-DRG 794,,,,,
pdd_mdc_15,11,msdrg_795,,,c03W0k00b,INTEGER,,Counts for MS-DRG 795,,,,,
,,,,,,,,,,,,,
pdd_mdc_16,1,id,1,,t03W0l,INTEGER,,"MSDRGs counts per hosiptal, per year, for MDC 16",,,,,
pdd_mdc_16,2,oshpd_id,,,c03W0l002,VARCHAR,,OSHPD facility id,,,,,
pdd_mdc_16,3,year,,,c03W0l003,INTEGER,,Year of discharge,c00102003,,,,dates.year
pdd_mdc_16,4,msdrg_003,,,c03W0l004,INTEGER,,Counts for MS-DRG 003,,,,,
pdd_mdc_16,5,msdrg_004,,,c03W0l005,INTEGER,,Counts for MS-DRG 004,,,,,
pdd_mdc_16,6,msdrg_005,,,c03W0l006,INTEGER,,Counts for MS-DRG 005,,,,,
pdd_mdc_16,7,msdrg_006,,,c03W0l007,INTEGER,,Counts for MS-DRG 006,,,,,
pdd_mdc_16,8,msdrg_009,,,c03W0l008,INTEGER,,Counts for MS-DRG 009,,,,,
pdd_mdc_16,9,msdrg_014,,,c03W0l009,INTEGER,,Counts for MS-DRG 014,,,,,
pdd_mdc_16,10,msdrg_016,,,c03W0l00a,INTEGER,,Counts for MS-DRG 016,,,,,
pdd_mdc_16,11,msdrg_799,,,c03W0l00b,INTEGER,,Counts for MS-DRG 799,,,,,
pdd_mdc_16,12,msdrg_800,,,c03W0l00c,INTEGER,,Counts for MS-DRG 800,,,,,
pdd_mdc_16,13,msdrg_801,,,c03W0l00d,INTEGER,,Counts for MS-DRG 801,,,,,
pdd_mdc_16,14,msdrg_802,,,c03W0l00e,INTEGER,,Counts for MS-DRG 802,,,,,
pdd_mdc_16,15,msdrg_803,,,c03W0l00f,INTEGER,,Counts for MS-DRG 803,,,,,
pdd_mdc_16,16,msdrg_804,,,c03W0l00g,INTEGER,,Counts for MS-DRG 804,,,,,
pdd_mdc_16,17,msdrg_808,,,c03W0l00h,INTEGER,,Counts for MS-DRG 808,,,,,
pdd_mdc_16,18,msdrg_809,,,c03W0l00i,INTEGER,,Counts for MS-DRG 809,,,,,
pdd_mdc_16,19,msdrg_810,,,c03W0l00j,INTEGER,,Counts for MS-DRG 810,,,,,
pdd_mdc_16,20,msdrg_811,,,c03W0l00k,INTEGER,,Counts for MS-DRG 811,,,,,
pdd_mdc_16,21,msdrg_812,,,c03W0l00l,INTEGER,,Counts for MS-DRG 812,,,,,
pdd_mdc_16,22,msdrg_813,,,c03W0l00m,INTEGER,,Counts for MS-DRG 813,,,,,
pdd_mdc_16,23,msdrg_814,,,c03W0l00n,INTEGER,,Counts for MS-DRG 814,,,,,
pdd_mdc_16,24,msdrg_815,,,c03W0l00o,INTEGER,,Counts for MS-DRG 815,,,,,
pdd_mdc_16,25,msdrg_816,,,c03W0l00p,INTEGER,,Counts for MS-DRG 816,,,,,
pdd_mdc_16,26,msdrg_981,,,c03W0l00q,INTEGER,,Counts for MS-DRG 981,,,,,
pdd_mdc_16,27,msdrg_982,,,c03W0l00r,INTEGER,,Counts for MS-DRG 982,,,,,
pdd_mdc_16,28,msdrg_983,,,c03W0l00s,INTEGER,,Counts for MS-DRG 983,,,,,
pdd_mdc_16,29,msdrg_984,,,c03W0l00t,INTEGER,,Counts for MS-DRG 984,,,,,
pdd_mdc_16,30,msdrg_985,,,c03W0l00u,INTEGER,,Counts for MS-DRG 985,,,,,
pdd_mdc_16,31,msdrg_986,,,c03W0l00v,INTEGER,,Counts for MS-DRG 986,,,,,
pdd_mdc_16,32,msdrg_987,,,c03W0l00w,INTEGER,,Counts for MS-DRG 987,,,,,
pdd_mdc_16,33,msdrg_988,,,c03W0l00x,INTEGER,,Counts for MS-DRG 988,,,,,
pdd_mdc_16,34,msdrg_989,,,c03W0l00y,INTEGER,,Counts for MS-DRG 989,,,,,
,,,,,,,,,,,,,
pdd_mdc_17,1,id,1,,t03W0m,INTEGER,,"MSDRGs counts per hosiptal, per year, for MDC 17",,,,,
pdd_mdc_17,2,oshpd_id,,,c03W0m002,VARCHAR,,OSHPD facility id,,,,,
pdd_mdc_17,3,year,,,c03W0m003,INTEGER,,Year of discharge,c00102003,,,,dates.year
pdd_mdc_17,4,msdrg_003,,,c03W0m004,INTEGER,,Counts for MS-DRG 003,,,,,
pdd_mdc_17,5,msdrg_004,,,c03W0m005,INTEGER,,Counts for MS-DRG 004,,,,,
pdd_mdc_17,6,msdrg_009,,,c03W0m006,INTEGER,,Counts for MS-DRG 009,,,,,
pdd_mdc_17,7,msdrg_011,,,c03W0m007,INTEGER,,Counts for MS-DRG 011,,,,,
pdd_mdc_17,8,msdrg_012,,,c03W0m008,INTEGER,,Counts for MS-DRG 012,,,,,
pdd_mdc_17,9,msdrg_013,,,c03W0m009,INTEGER,,Counts for MS-DRG 013,,,,,
pdd_mdc_17,10,msdrg_014,,,c03W0m00a,INTEGER,,Counts for MS-DRG 014,,,,,
pdd_mdc_17,11,msdrg_015,,,c03W0m00b,INTEGER,,Counts for MS-DRG 015,,,,,
pdd_mdc_17,12,msdrg_016,,,c03W0m00c,INTEGER,,Counts for MS-DRG 016,,,,,
pdd_mdc_17,13,msdrg_017,,,c03W0m00d,INTEGER,,Counts for MS-DRG 017,,,,,
pdd_mdc_17,14,msdrg_820,,,c03W0m00e,INTEGER,,Counts for MS-DRG 820,,,,,
pdd_mdc_17,15,msdrg_821,,,c03W0m00f,INTEGER,,Counts for MS-DRG 821,,,,,
pdd_mdc_17,16,msdrg_822,,,c03W0m00g,INTEGER,,Counts for MS-DRG 822,,,,,
pdd_mdc_17,17,msdrg_823,,,c03W0m00h,INTEGER,,Counts for MS-DRG 823,,,,,
pdd_mdc_17,18,msdrg_824,,,c03W0m00i,INTEGER,,Counts for MS-DRG 824,,,,,
pdd_mdc_17,19,msdrg_825,,,c03W0m00j,INTEGER,,Counts for MS-DRG 825,,,,,
pdd_mdc_17,20,msdrg_826,,,c03W0m00k,INTEGER,,Counts for MS-DRG 826,,,,,
pdd_mdc_17,21,msdrg_827,,,c03W0m00l,INTEGER,,Counts for MS-DRG 827,,,,,
pdd_mdc_17,22,msdrg_828,,,c03W0m00m,INTEGER,,Counts for MS-DRG 828,,,,,
pdd_mdc_17,23,msdrg_829,,,c03W0m00n,INTEGER,,Counts for MS-DRG 829,,,,,
pdd_mdc_17,24,msdrg_830,,,c03W0m00o,INTEGER,,Counts for MS-DRG 830,,,,,
pdd_mdc_17,25,msdrg_834,,,c03W0m00p,INTEGER,,Counts for MS-DRG 834,,,,,
pdd_mdc_17,26,msdrg_835,,,c03W0m00q,INTEGER,,Counts for MS-DRG 835,,,,,
pdd_mdc_17,27,msdrg_836,,,c03W0m00r,INTEGER,,Counts for MS-DRG 836,,,,,
pdd_mdc_17,28,msdrg_837,,,c03W0m00s,INTEGER,,Counts for MS-DRG 837,,,,,
pdd_mdc_17,29,msdrg_838,,,c03W0m00t,INTEGER,,Counts for MS-DRG 838,,,,,
pdd_mdc_17,30,msdrg_839,,,c03W0m00u,INTEGER,,Counts for MS-DRG 839,,,,,
pdd_mdc_17,31,msdrg_840,,,c03W0m00v,INTEGER,,Counts for MS-DRG 840,,,,,
pdd_mdc_17,32,msdrg_841,,,c03W0m00w,INTEGER,,Counts for MS-DRG 841,,,,,
pdd_mdc_17,33,msdrg_842,,,c03W0m00x,INTEGER,,Counts for MS-DRG 842,,,,,
pdd_mdc_17,34,msdrg_843,,,c03W0m00y,INTEGER,,Counts for MS-DRG 843,,,,,
pdd_mdc_17,35,msdrg_844,,,c03W0m00z,INTEGER,,Counts for MS-DRG 844,,,,,
pdd_mdc_17,36,msdrg_845,,,c03W0m00A,INTEGER,,Counts for MS-DRG 845,,,,,
pdd_mdc_17,37,msdrg_846,,,c03W0m00B,INTEGER,,Counts for MS-DRG 846,,,,,
pdd_mdc_17,38,msdrg_847,,,c03W0m00C,INTEGER,,Counts for MS-DRG 847,,,,,
pdd_mdc_17,39,msdrg_848,,,c03W0m00D,INTEGER,,Counts for MS-DRG 848,,,,,
pdd_mdc_17,40,msdrg_849,,,c03W0m00E,INTEGER,,Counts for MS-DRG 849,,,,,
,,,,,,,,,,,,,
pdd_mdc_18,1,id,1,,t03W0n,INTEGER,,"MSDRGs counts per hosiptal, per year, for MDC 18",,,,,
pdd_mdc_18,2,oshpd_id,,,c03W0n002,VARCHAR,,OSHPD facility id,,,,,
pdd_mdc_18,3,year,,,c03W0n003,INTEGER,,Year of discharge,c00102003,,,,dates.year
pdd_mdc_18,4,msdrg_003,,,c03W0n004,INTEGER,,Counts for MS-DRG 003,,,,,
pdd_mdc_18,5,msdrg_004,,,c03W0n005,INTEGER,,Counts for MS-DRG 004,,,,,
pdd_mdc_18,6,msdrg_853,,,c03W0n006,INTEGER,,Counts for MS-DRG 853,,,,,
pdd_mdc_18,7,msdrg_854,,,c03W0n007,INTEGER,,Counts for MS-DRG 854,,,,,
pdd_mdc_18,8,msdrg_855,,,c03W0n008,INTEGER,,Counts for MS-DRG 855,,,,,
pdd_mdc_18,9,msdrg_856,,,c03W0n009,INTEGER,,Counts for MS-DRG 856,,,,,
pdd_mdc_18,10,msdrg_857,,,c03W0n00a,INTEGER,,Counts for MS-DRG 857,,,,,
pdd_mdc_18,11,msdrg_858,,,c03W0n00b,INTEGER,,Counts for MS-DRG 858,,,,,
pdd_mdc_18,12,msdrg_862,,,c03W0n00c,INTEGER,,Counts for MS-DRG 862,,,,,
pdd_mdc_18,13,msdrg_863,,,c03W0n00d,INTEGER,,Counts for MS-DRG 863,,,,,
pdd_mdc_18,14,msdrg_864,,,c03W0n00e,INTEGER,,Counts for MS-DRG 864,,,,,
pdd_mdc_18,15,msdrg_865,,,c03W0n00f,INTEGER,,Counts for MS-DRG 865,,,,,
pdd_mdc_18,16,msdrg_866,,,c03W0n00g,INTEGER,,Counts for MS-DRG 866,,,,,
pdd_mdc_18,17,msdrg_867,,,c03W0n00h,INTEGER,,Counts for MS-DRG 867,,,,,
pdd_mdc_18,18,msdrg_868,,,c03W0n00i,INTEGER,,Counts for MS-DRG 868,,,,,
pdd_mdc_18,19,msdrg_869,,,c03W0n00j,INTEGER,,Counts for MS-DRG 869,,,,,
pdd_mdc_18,20,msdrg_870,,,c03W0n00k,INTEGER,,Counts for MS-DRG 870,,,,,
pdd_mdc_18,21,msdrg_871,,,c03W0n00l,INTEGER,,Counts for MS-DRG 871,,,,,
pdd_mdc_18,22,msdrg_872,,,c03W0n00m,INTEGER,,Counts for MS-DRG 872,,,,,
,,,,,,,,,,,,,
pdd_mdc_19,1,id,1,,t03W0o,INTEGER,,"MSDRGs counts per hosiptal, per year, for MDC 19",,,,,
pdd_mdc_19,2,oshpd_id,,,c03W0o002,VARCHAR,,OSHPD facility id,,,,,
pdd_mdc_19,3,year,,,c03W0o003,INTEGER,,Year of discharge,c00102003,,,,dates.year
pdd_mdc_19,4,msdrg_876,,,c03W0o004,INTEGER,,Counts for MS-DRG 876,,,,,
pdd_mdc_19,5,msdrg_880,,,c03W0o005,INTEGER,,Counts for MS-DRG 880,,,,,
pdd_mdc_19,6,msdrg_881,,,c03W0o006,INTEGER,,Counts for MS-DRG 881,,,,,
pdd_mdc_19,7,msdrg_882,,,c03W0o007,INTEGER,,Counts for MS-DRG 882,,,,,
pdd_mdc_19,8,msdrg_883,,,c03W0o008,INTEGER,,Counts for MS-DRG 883,,,,,
pdd_mdc_19,9,msdrg_884,,,c03W0o009,INTEGER,,Counts for MS-DRG 884,,,,,
pdd_mdc_19,10,msdrg_885,,,c03W0o00a,INTEGER,,Counts for MS-DRG 885,,,,,
pdd_mdc_19,11,msdrg_886,,,c03W0o00b,INTEGER,,Counts for MS-DRG 886,,,,,
pdd_mdc_19,12,msdrg_887,,,c03W0o00c,INTEGER,,Counts for MS-DRG 887,,,,,
,,,,,,,,,,,,,
pdd_mdc_20,1,id,1,,t03W0p,INTEGER,,"MSDRGs counts per hosiptal, per year, for MDC 20",,,,,
pdd_mdc_20,2,oshpd_id,,,c03W0p002,VARCHAR,,OSHPD facility id,,,,,
pdd_mdc_20,3,year,,,c03W0p003,INTEGER,,Year of discharge,c00102003,,,,dates.year
pdd_mdc_20,4,msdrg_003,,,c03W0p004,INTEGER,,Counts for MS-DRG 003,,,,,
pdd_mdc_20,5,msdrg_004,,,c03W0p005,INTEGER,,Counts for MS-DRG 004,,,,,
pdd_mdc_20,6,msdrg_894,,,c03W0p006,INTEGER,,Counts for MS-DRG 894,,,,,
pdd_mdc_20,7,msdrg_895,,,c03W0p007,INTEGER,,Counts for MS-DRG 895,,,,,
pdd_mdc_20,8,msdrg_896,,,c03W0p008,INTEGER,,Counts for MS-DRG 896,,,,,
pdd_mdc_20,9,msdrg_897,,,c03W0p009,INTEGER,,Counts for MS-DRG 897,,,,,
pdd_mdc_20,10,msdrg_981,,,c03W0p00a,INTEGER,,Counts for MS-DRG 981,,,,,
pdd_mdc_20,11,msdrg_982,,,c03W0p00b,INTEGER,,Counts for MS-DRG 982,,,,,
pdd_mdc_20,12,msdrg_983,,,c03W0p00c,INTEGER,,Counts for MS-DRG 983,,,,,
pdd_mdc_20,13,msdrg_984,,,c03W0p00d,INTEGER,,Counts for MS-DRG 984,,,,,
pdd_mdc_20,14,msdrg_987,,,c03W0p00e,INTEGER,,Counts for MS-DRG 987,,,,,
pdd_mdc_20,15,msdrg_988,,,c03W0p00f,INTEGER,,Counts for MS-DRG 988,,,,,
pdd_mdc_20,16,msdrg_989,,,c03W0p00g,INTEGER,,Counts for MS-DRG 989,,,,,
,,,,,,,,,,,,,
pdd_mdc_21,1,id,1,,t03W0q,INTEGER,,"MSDRGs counts per hosiptal, per year, for MDC 21",,,,,
pdd_mdc_21,2,oshpd_id,,,c03W0q002,VARCHAR,,OSHPD facility id,,,,,
pdd_mdc_21,3,year,,,c03W0q003,INTEGER,,Year of discharge,c00102003,,,,dates.year
pdd_mdc_21,4,msdrg_001,,,c03W0q004,INTEGER,,Counts for MS-DRG 001,,,,,
pdd_mdc_21,5,msdrg_003,,,c03W0q005,INTEGER,,Counts for MS-DRG 003,,,,,
pdd_mdc_21,6,msdrg_004,,,c03W0q006,INTEGER,,Counts for MS-DRG 004,,,,,
pdd_mdc_21,7,msdrg_005,,,c03W0q007,INTEGER,,Counts for MS-DRG 005,,,,,
pdd_mdc_21,8,msdrg_006,,,c03W0q008,INTEGER,,Counts for MS-DRG 006,,,,,
pdd_mdc_21,9,msdrg_013,,,c03W0q009,INTEGER,,Counts for MS-DRG 013,,,,,
pdd_mdc_21,10,msdrg_014,,,c03W0q00a,INTEGER,,Counts for MS-DRG 014,,,,,
pdd_mdc_21,11,msdrg_901,,,c03W0q00b,INTEGER,,Counts for MS-DRG 901,,,,,
pdd_mdc_21,12,msdrg_902,,,c03W0q00c,INTEGER,,Counts for MS-DRG 902,,,,,
pdd_mdc_21,13,msdrg_903,,,c03W0q00d,INTEGER,,Counts for MS-DRG 903,,,,,
pdd_mdc_21,14,msdrg_904,,,c03W0q00e,INTEGER,,Counts for MS-DRG 904,,,,,
pdd_mdc_21,15,msdrg_905,,,c03W0q00f,INTEGER,,Counts for MS-DRG 905,,,,,
pdd_mdc_21,16,msdrg_906,,,c03W0q00g,INTEGER,,Counts for MS-DRG 906,,,,,
pdd_mdc_21,17,msdrg_907,,,c03W0q00h,INTEGER,,Counts for MS-DRG 907,,,,,
pdd_mdc_21,18,msdrg_908,,,c03W0q00i,INTEGER,,Counts for MS-DRG 908,,,,,
pdd_mdc_21,19,msdrg_909,,,c03W0q00j,INTEGER,,Counts for MS-DRG 909,,,,,
pdd_mdc_21,20,msdrg_913,,,c03W0q00k,INTEGER,,Counts for MS-DRG 913,,,,,
pdd_mdc_21,21,msdrg_914,,,c03W0q00l,INTEGER,,Counts for MS-DRG 914,,,,,
pdd_mdc_21,22,msdrg_915,,,c03W0q00m,INTEGER,,Counts for MS-DRG 915,,,,,
pdd_mdc_21,23,msdrg_916,,,c03W0q00n,INTEGER,,Counts for MS-DRG 916,,,,,
pdd_mdc_21,24,msdrg_917,,,c03W0q00o,INTEGER,,Counts for MS-DRG 917,,,,,
pdd_mdc_21,25,msdrg_918,,,c03W0q00p,INTEGER,,Counts for MS-DRG 918,,,,,
pdd_mdc_21,26,msdrg_919,,,c03W0q00q,INTEGER,,Counts for MS-DRG 919,,,,,
pdd_mdc_21,27,msdrg_920,,,c03W0q00r,INTEGER,,Counts for MS-DRG 920,,,,,
pdd_mdc_21,28,msdrg_921,,,c03W0q00s,INTEGER,,Counts for MS-DRG 921,,,,,
pdd_mdc_21,29,msdrg_922,,,c03W0q00t,INTEGER,,Counts for MS-DRG 922,,,,,
pdd_mdc_21,30,msdrg_923,,,c03W0q00u,INTEGER,,Counts for MS-DRG 923,,,,,
pdd_mdc_21,31,msdrg_981,,,c03W0q00v,INTEGER,,Counts for MS-DRG 981,,,,,
pdd_mdc_21,32,msdrg_982,,,c03W0q00w,INTEGER,,Counts for MS-DRG 982,,,,,
pdd_mdc_21,33,msdrg_983,,,c03W0q00x,INTEGER,,Counts for MS-DRG 983,,,,,
pdd_mdc_21,34,msdrg_984,,,c03W0q00y,INTEGER,,Counts for MS-DRG 984,,,,,
pdd_mdc_21,35,msdrg_985,,,c03W0q00z,INTEGER,,Counts for MS-DRG 985,,,,,
pdd_mdc_21,36,msdrg_986,,,c03W0q00A,INTEGER,,Counts for MS-DRG 986,,,,,
pdd_mdc_21,37,msdrg_987,,,c03W0q00B,INTEGER,,Counts for MS-DRG 987,,,,,
pdd_mdc_21,38,msdrg_988,,,c03W0q00C,INTEGER,,Counts for MS-DRG 988,,,,,
pdd_mdc_21,39,msdrg_989,,,c03W0q00D,INTEGER,,Counts for MS-DRG 989,,,,,
,,,,,,,,,,,,,
pdd_mdc_22,1,id,1,,t03W0r,INTEGER,,"MSDRGs counts per hosiptal, per year, for MDC 22",,,,,
pdd_mdc_22,2,oshpd_id,,,c03W0r002,VARCHAR,,OSHPD facility id,,,,,
pdd_mdc_22,3,year,,,c03W0r003,INTEGER,,Year of discharge,c00102003,,,,dates.year
pdd_mdc_22,4,msdrg_003,,,c03W0r004,INTEGER,,Counts for MS-DRG 003,,,,,
pdd_mdc_22,5,msdrg_004,,,c03W0r005,INTEGER,,Counts for MS-DRG 004,,,,,
pdd_mdc_22,6,msdrg_927,,,c03W0r006,INTEGER,,Counts for MS-DRG 927,,,,,
pdd_mdc_22,7,msdrg_928,,,c03W0r007,INTEGER,,Counts for MS-DRG 928,,,,,
pdd_mdc_22,8,msdrg_929,,,c03W0r008,INTEGER,,Counts for MS-DRG 929,,,,,
pdd_mdc_22,9,msdrg_933,,,c03W0r009,INTEGER,,Counts for MS-DRG 933,,,,,
pdd_mdc_22,10,msdrg_934,,,c03W0r00a,INTEGER,,Counts for MS-DRG 934,,,,,
pdd_mdc_22,11,msdrg_935,,,c03W0r00b,INTEGER,,Counts for MS-DRG 935,,,,,
,,,,,,,,,,,,,
pdd_mdc_23,1,id,1,,t03W0s,INTEGER,,"MSDRGs counts per hosiptal, per year, for MDC 23",,,,,
pdd_mdc_23,2,oshpd_id,,,c03W0s002,VARCHAR,,OSHPD facility id,,,,,
pdd_mdc_23,3,year,,,c03W0s003,INTEGER,,Year of discharge,c00102003,,,,dates.year
pdd_mdc_23,4,msdrg_003,,,c03W0s004,INTEGER,,Counts for MS-DRG 003,,,,,
pdd_mdc_23,5,msdrg_004,,,c03W0s005,INTEGER,,Counts for MS-DRG 004,,,,,
pdd_mdc_23,6,msdrg_939,,,c03W0s006,INTEGER,,Counts for MS-DRG 939,,,,,
pdd_mdc_23,7,msdrg_940,,,c03W0s007,INTEGER,,Counts for MS-DRG 940,,,,,
pdd_mdc_23,8,msdrg_941,,,c03W0s008,INTEGER,,Counts for MS-DRG 941,,,,,
pdd_mdc_23,9,msdrg_945,,,c03W0s009,INTEGER,,Counts for MS-DRG 945,,,,,
pdd_mdc_23,10,msdrg_946,,,c03W0s00a,INTEGER,,Counts for MS-DRG 946,,,,,
pdd_mdc_23,11,msdrg_947,,,c03W0s00b,INTEGER,,Counts for MS-DRG 947,,,,,
pdd_mdc_23,12,msdrg_948,,,c03W0s00c,INTEGER,,Counts for MS-DRG 948,,,,,
pdd_mdc_23,13,msdrg_949,,,c03W0s00d,INTEGER,,Counts for MS-DRG 949,,,,,
pdd_mdc_23,14,msdrg_950,,,c03W0s00e,INTEGER,,Counts for MS-DRG 950,,,,,
pdd_mdc_23,15,msdrg_951,,,c03W0s00f,INTEGER,,Counts for MS-DRG 951,,,,,
,,,,,,,,,,,,,
pdd_mdc_24,1,id,1,,t03W0t,INTEGER,,"MSDRGs counts per hosiptal, per year, for MDC 24",,,,,
pdd_mdc_24,2,oshpd_id,,,c03W0t002,VARCHAR,,OSHPD facility id,,,,,
pdd_mdc_24,3,year,,,c03W0t003,INTEGER,,Year of discharge,c00102003,,,,dates.year
pdd_mdc_24,4,msdrg_955,,,c03W0t004,INTEGER,,Counts for MS-DRG 955,,,,,
pdd_mdc_24,5,msdrg_956,,,c03W0t005,INTEGER,,Counts for MS-DRG 956,,,,,
pdd_mdc_24,6,msdrg_957,,,c03W0t006,INTEGER,,Counts for MS-DRG 957,,,,,
pdd_mdc_24,7,msdrg_958,,,c03W0t007,INTEGER,,Counts for MS-DRG 958,,,,,
pdd_mdc_24,8,msdrg_959,,,c03W0t008,INTEGER,,Counts for MS-DRG 959,,,,,
pdd_mdc_24,9,msdrg_963,,,c03W0t009,INTEGER,,Counts for MS-DRG 963,,,,,
pdd_mdc_24,10,msdrg_964,,,c03W0t00a,INTEGER,,Counts for MS-DRG 964,,,,,
pdd_mdc_24,11,msdrg_965,,,c03W0t00b,INTEGER,,Counts for MS-DRG 965,,,,,
pdd_mdc_24,12,msdrg_981,,,c03W0t00c,INTEGER,,Counts for MS-DRG 981,,,,,
pdd_mdc_24,13,msdrg_982,,,c03W0t00d,INTEGER,,Counts for MS-DRG 982,,,,,
pdd_mdc_24,14,msdrg_987,,,c03W0t00e,INTEGER,,Counts for MS-DRG 987,,,,,
pdd_mdc_24,15,msdrg_988,,,c03W0t00f,INTEGER,,Counts for MS-DRG 988,,,,,
